{
    "time_resolution": 5,
    "resources": 3,
    "machines": [
        {
            "id": 0,
            "idle_consumption": 120,
            "power_up_cost": 0.1,
            "power_down_cost": 0.1,
            "resource_capacities": [
                2436,
                2571,
                2568
            ]
        },
        {
            "id": 1,
            "idle_consumption": 190,
            "power_up_cost": 0.1,
            "power_down_cost": 0.0,
            "resource_capacities": [
                2575,
                2391,
                2473
            ]
        }
    ],
    "tasks": [
        {
            "id": 0,
            "earliest_start_time": 6,
            "latest_end_time": 275,
            "duration": 3,
            "power_consumption": 108.62,
            "resource_usage": [
                194,
                167,
                974
            ]
        },
        {
            "id": 1,
            "earliest_start_time": 75,
            "latest_end_time": 284,
            "duration": 24,
            "power_consumption": 22.0,
            "resource_usage": [
                31,
                184,
                30
            ]
        },
        {
            "id": 2,
            "earliest_start_time": 0,
            "latest_end_time": 256,
            "duration": 35,
            "power_consumption": 27.93,
            "resource_usage": [
                49,
                48,
                249
            ]
        },
        {
            "id": 3,
            "earliest_start_time": 7,
            "latest_end_time": 172,
            "duration": 22,
            "power_consumption": 58.69,
            "resource_usage": [
                96,
                103,
                569
            ]
        },
        {
            "id": 4,
            "earliest_start_time": 1,
            "latest_end_time": 202,
            "duration": 18,
            "power_consumption": 294.76,
            "resource_usage": [
                847,
                585,
                202
            ]
        },
        {
            "id": 5,
            "earliest_start_time": 237,
            "latest_end_time": 255,
            "duration": 3,
            "power_consumption": 53.01,
            "resource_usage": [
                70,
                467,
                70
            ]
        },
        {
            "id": 6,
            "earliest_start_time": 72,
            "latest_end_time": 282,
            "duration": 16,
            "power_consumption": 166.17,
            "resource_usage": [
                294,
                1116,
                219
            ]
        },
        {
            "id": 7,
            "earliest_start_time": 33,
            "latest_end_time": 242,
            "duration": 7,
            "power_consumption": 65.88,
            "resource_usage": [
                109,
                113,
                634
            ]
        },
        {
            "id": 8,
            "earliest_start_time": 110,
            "latest_end_time": 269,
            "duration": 8,
            "power_consumption": 9.67,
            "resource_usage": [
                14,
                14,
                111
            ]
        },
        {
            "id": 9,
            "earliest_start_time": 15,
            "latest_end_time": 153,
            "duration": 1,
            "power_consumption": 51.58,
            "resource_usage": [
                163,
                33,
                36
            ]
        },
        {
            "id": 10,
            "earliest_start_time": 11,
            "latest_end_time": 254,
            "duration": 23,
            "power_consumption": 59.53,
            "resource_usage": [
                90,
                465,
                88
            ]
        },
        {
            "id": 11,
            "earliest_start_time": 184,
            "latest_end_time": 281,
            "duration": 39,
            "power_consumption": 20.21,
            "resource_usage": [
                34,
                37,
                187
            ]
        },
        {
            "id": 12,
            "earliest_start_time": 52,
            "latest_end_time": 137,
            "duration": 15,
            "power_consumption": 6.52,
            "resource_usage": [
                20,
                6,
                6
            ]
        },
        {
            "id": 13,
            "earliest_start_time": 21,
            "latest_end_time": 203,
            "duration": 28,
            "power_consumption": 82.33,
            "resource_usage": [
                117,
                685,
                111
            ]
        },
        {
            "id": 14,
            "earliest_start_time": 59,
            "latest_end_time": 178,
            "duration": 16,
            "power_consumption": 21.07,
            "resource_usage": [
                32,
                164,
                31
            ]
        },
        {
            "id": 15,
            "earliest_start_time": 53,
            "latest_end_time": 215,
            "duration": 1,
            "power_consumption": 101.25,
            "resource_usage": [
                181,
                159,
                902
            ]
        },
        {
            "id": 16,
            "earliest_start_time": 12,
            "latest_end_time": 147,
            "duration": 47,
            "power_consumption": 40.9,
            "resource_usage": [
                62,
                321,
                57
            ]
        },
        {
            "id": 17,
            "earliest_start_time": 55,
            "latest_end_time": 260,
            "duration": 44,
            "power_consumption": 4.04,
            "resource_usage": [
                6,
                32,
                6
            ]
        },
        {
            "id": 18,
            "earliest_start_time": 184,
            "latest_end_time": 243,
            "duration": 22,
            "power_consumption": 5.03,
            "resource_usage": [
                9,
                9,
                43
            ]
        },
        {
            "id": 19,
            "earliest_start_time": 65,
            "latest_end_time": 160,
            "duration": 37,
            "power_consumption": 36.28,
            "resource_usage": [
                62,
                65,
                331
            ]
        },
        {
            "id": 20,
            "earliest_start_time": 42,
            "latest_end_time": 186,
            "duration": 5,
            "power_consumption": 170.08,
            "resource_usage": [
                547,
                82,
                92
            ]
        },
        {
            "id": 21,
            "earliest_start_time": 0,
            "latest_end_time": 242,
            "duration": 32,
            "power_consumption": 68.62,
            "resource_usage": [
                104,
                469,
                200
            ]
        },
        {
            "id": 22,
            "earliest_start_time": 48,
            "latest_end_time": 288,
            "duration": 10,
            "power_consumption": 222.74,
            "resource_usage": [
                358,
                1502,
                537
            ]
        },
        {
            "id": 23,
            "earliest_start_time": 45,
            "latest_end_time": 269,
            "duration": 3,
            "power_consumption": 31.46,
            "resource_usage": [
                46,
                252,
                48
            ]
        },
        {
            "id": 24,
            "earliest_start_time": 86,
            "latest_end_time": 145,
            "duration": 26,
            "power_consumption": 80.46,
            "resource_usage": [
                120,
                330,
                578
            ]
        },
        {
            "id": 25,
            "earliest_start_time": 29,
            "latest_end_time": 261,
            "duration": 8,
            "power_consumption": 27.51,
            "resource_usage": [
                47,
                56,
                241
            ]
        },
        {
            "id": 26,
            "earliest_start_time": 81,
            "latest_end_time": 181,
            "duration": 8,
            "power_consumption": 61.66,
            "resource_usage": [
                143,
                266,
                66
            ]
        },
        {
            "id": 27,
            "earliest_start_time": 185,
            "latest_end_time": 275,
            "duration": 30,
            "power_consumption": 84.01,
            "resource_usage": [
                141,
                155,
                778
            ]
        },
        {
            "id": 28,
            "earliest_start_time": 3,
            "latest_end_time": 117,
            "duration": 2,
            "power_consumption": 27.82,
            "resource_usage": [
                36,
                245,
                42
            ]
        },
        {
            "id": 29,
            "earliest_start_time": 38,
            "latest_end_time": 288,
            "duration": 135,
            "power_consumption": 1.39,
            "resource_usage": [
                2,
                2,
                16
            ]
        },
        {
            "id": 30,
            "earliest_start_time": 122,
            "latest_end_time": 265,
            "duration": 7,
            "power_consumption": 5.99,
            "resource_usage": [
                9,
                47,
                9
            ]
        },
        {
            "id": 31,
            "earliest_start_time": 32,
            "latest_end_time": 127,
            "duration": 7,
            "power_consumption": 149.6,
            "resource_usage": [
                246,
                580,
                965
            ]
        },
        {
            "id": 32,
            "earliest_start_time": 100,
            "latest_end_time": 186,
            "duration": 9,
            "power_consumption": 18.4,
            "resource_usage": [
                29,
                33,
                185
            ]
        },
        {
            "id": 33,
            "earliest_start_time": 102,
            "latest_end_time": 186,
            "duration": 30,
            "power_consumption": 67.29,
            "resource_usage": [
                108,
                202,
                541
            ]
        },
        {
            "id": 34,
            "earliest_start_time": 96,
            "latest_end_time": 282,
            "duration": 5,
            "power_consumption": 53.77,
            "resource_usage": [
                88,
                277,
                247
            ]
        },
        {
            "id": 35,
            "earliest_start_time": 53,
            "latest_end_time": 152,
            "duration": 5,
            "power_consumption": 95.47,
            "resource_usage": [
                256,
                262,
                85
            ]
        },
        {
            "id": 36,
            "earliest_start_time": 28,
            "latest_end_time": 238,
            "duration": 3,
            "power_consumption": 17.14,
            "resource_usage": [
                26,
                131,
                29
            ]
        },
        {
            "id": 37,
            "earliest_start_time": 124,
            "latest_end_time": 222,
            "duration": 17,
            "power_consumption": 74.93,
            "resource_usage": [
                105,
                631,
                100
            ]
        },
        {
            "id": 38,
            "earliest_start_time": 26,
            "latest_end_time": 172,
            "duration": 30,
            "power_consumption": 33.04,
            "resource_usage": [
                54,
                59,
                319
            ]
        },
        {
            "id": 39,
            "earliest_start_time": 37,
            "latest_end_time": 261,
            "duration": 3,
            "power_consumption": 141.61,
            "resource_usage": [
                449,
                88,
                92
            ]
        },
        {
            "id": 40,
            "earliest_start_time": 111,
            "latest_end_time": 182,
            "duration": 1,
            "power_consumption": 9.4,
            "resource_usage": [
                17,
                15,
                82
            ]
        },
        {
            "id": 41,
            "earliest_start_time": 126,
            "latest_end_time": 287,
            "duration": 10,
            "power_consumption": 19.7,
            "resource_usage": [
                27,
                165,
                32
            ]
        },
        {
            "id": 42,
            "earliest_start_time": 250,
            "latest_end_time": 278,
            "duration": 3,
            "power_consumption": 240.49,
            "resource_usage": [
                382,
                1634,
                593
            ]
        },
        {
            "id": 43,
            "earliest_start_time": 38,
            "latest_end_time": 258,
            "duration": 5,
            "power_consumption": 18.53,
            "resource_usage": [
                33,
                29,
                166
            ]
        },
        {
            "id": 44,
            "earliest_start_time": 65,
            "latest_end_time": 287,
            "duration": 195,
            "power_consumption": 1.11,
            "resource_usage": [
                2,
                7,
                2
            ]
        },
        {
            "id": 45,
            "earliest_start_time": 113,
            "latest_end_time": 265,
            "duration": 54,
            "power_consumption": 6.08,
            "resource_usage": [
                8,
                53,
                9
            ]
        },
        {
            "id": 46,
            "earliest_start_time": 50,
            "latest_end_time": 287,
            "duration": 35,
            "power_consumption": 6.39,
            "resource_usage": [
                12,
                12,
                50
            ]
        },
        {
            "id": 47,
            "earliest_start_time": 245,
            "latest_end_time": 284,
            "duration": 31,
            "power_consumption": 34.36,
            "resource_usage": [
                48,
                284,
                55
            ]
        },
        {
            "id": 48,
            "earliest_start_time": 8,
            "latest_end_time": 288,
            "duration": 55,
            "power_consumption": 29.21,
            "resource_usage": [
                94,
                15,
                14
            ]
        },
        {
            "id": 49,
            "earliest_start_time": 0,
            "latest_end_time": 271,
            "duration": 6,
            "power_consumption": 97.68,
            "resource_usage": [
                311,
                61,
                54
            ]
        },
        {
            "id": 50,
            "earliest_start_time": 27,
            "latest_end_time": 142,
            "duration": 6,
            "power_consumption": 76.84,
            "resource_usage": [
                140,
                116,
                673
            ]
        },
        {
            "id": 51,
            "earliest_start_time": 37,
            "latest_end_time": 196,
            "duration": 38,
            "power_consumption": 76.61,
            "resource_usage": [
                115,
                537,
                211
            ]
        },
        {
            "id": 52,
            "earliest_start_time": 49,
            "latest_end_time": 247,
            "duration": 57,
            "power_consumption": 36.99,
            "resource_usage": [
                67,
                63,
                316
            ]
        },
        {
            "id": 53,
            "earliest_start_time": 85,
            "latest_end_time": 275,
            "duration": 7,
            "power_consumption": 11.92,
            "resource_usage": [
                21,
                19,
                108
            ]
        },
        {
            "id": 54,
            "earliest_start_time": 152,
            "latest_end_time": 288,
            "duration": 12,
            "power_consumption": 33.69,
            "resource_usage": [
                61,
                88,
                242
            ]
        },
        {
            "id": 55,
            "earliest_start_time": 1,
            "latest_end_time": 131,
            "duration": 40,
            "power_consumption": 32.28,
            "resource_usage": [
                105,
                13,
                13
            ]
        },
        {
            "id": 56,
            "earliest_start_time": 68,
            "latest_end_time": 261,
            "duration": 3,
            "power_consumption": 8.75,
            "resource_usage": [
                13,
                70,
                12
            ]
        },
        {
            "id": 57,
            "earliest_start_time": 41,
            "latest_end_time": 194,
            "duration": 50,
            "power_consumption": 325.49,
            "resource_usage": [
                1039,
                200,
                166
            ]
        },
        {
            "id": 58,
            "earliest_start_time": 25,
            "latest_end_time": 243,
            "duration": 37,
            "power_consumption": 186.59,
            "resource_usage": [
                536,
                357,
                149
            ]
        },
        {
            "id": 59,
            "earliest_start_time": 1,
            "latest_end_time": 257,
            "duration": 31,
            "power_consumption": 48.16,
            "resource_usage": [
                80,
                78,
                468
            ]
        },
        {
            "id": 60,
            "earliest_start_time": 32,
            "latest_end_time": 283,
            "duration": 16,
            "power_consumption": 1.35,
            "resource_usage": [
                2,
                2,
                15
            ]
        },
        {
            "id": 61,
            "earliest_start_time": 18,
            "latest_end_time": 241,
            "duration": 9,
            "power_consumption": 5.72,
            "resource_usage": [
                10,
                10,
                51
            ]
        },
        {
            "id": 62,
            "earliest_start_time": 16,
            "latest_end_time": 205,
            "duration": 3,
            "power_consumption": 162.03,
            "resource_usage": [
                277,
                279,
                1495
            ]
        },
        {
            "id": 63,
            "earliest_start_time": 66,
            "latest_end_time": 284,
            "duration": 9,
            "power_consumption": 11.52,
            "resource_usage": [
                37,
                6,
                6
            ]
        },
        {
            "id": 64,
            "earliest_start_time": 5,
            "latest_end_time": 124,
            "duration": 1,
            "power_consumption": 32.64,
            "resource_usage": [
                103,
                22,
                22
            ]
        },
        {
            "id": 65,
            "earliest_start_time": 116,
            "latest_end_time": 249,
            "duration": 9,
            "power_consumption": 47.67,
            "resource_usage": [
                81,
                193,
                277
            ]
        },
        {
            "id": 66,
            "earliest_start_time": 10,
            "latest_end_time": 239,
            "duration": 51,
            "power_consumption": 37.16,
            "resource_usage": [
                65,
                57,
                343
            ]
        },
        {
            "id": 67,
            "earliest_start_time": 56,
            "latest_end_time": 210,
            "duration": 6,
            "power_consumption": 93.54,
            "resource_usage": [
                156,
                172,
                874
            ]
        },
        {
            "id": 68,
            "earliest_start_time": 39,
            "latest_end_time": 239,
            "duration": 3,
            "power_consumption": 114.02,
            "resource_usage": [
                367,
                56,
                58
            ]
        },
        {
            "id": 69,
            "earliest_start_time": 106,
            "latest_end_time": 198,
            "duration": 4,
            "power_consumption": 31.21,
            "resource_usage": [
                100,
                16,
                18
            ]
        },
        {
            "id": 70,
            "earliest_start_time": 20,
            "latest_end_time": 114,
            "duration": 25,
            "power_consumption": 35.54,
            "resource_usage": [
                59,
                194,
                141
            ]
        },
        {
            "id": 71,
            "earliest_start_time": 18,
            "latest_end_time": 248,
            "duration": 16,
            "power_consumption": 121.04,
            "resource_usage": [
                209,
                642,
                452
            ]
        },
        {
            "id": 72,
            "earliest_start_time": 26,
            "latest_end_time": 254,
            "duration": 6,
            "power_consumption": 57.83,
            "resource_usage": [
                140,
                228,
                53
            ]
        },
        {
            "id": 73,
            "earliest_start_time": 189,
            "latest_end_time": 280,
            "duration": 1,
            "power_consumption": 1.87,
            "resource_usage": [
                2,
                19,
                2
            ]
        },
        {
            "id": 74,
            "earliest_start_time": 14,
            "latest_end_time": 226,
            "duration": 34,
            "power_consumption": 74.91,
            "resource_usage": [
                119,
                564,
                102
            ]
        },
        {
            "id": 75,
            "earliest_start_time": 0,
            "latest_end_time": 270,
            "duration": 6,
            "power_consumption": 378.9,
            "resource_usage": [
                1215,
                204,
                198
            ]
        },
        {
            "id": 76,
            "earliest_start_time": 66,
            "latest_end_time": 266,
            "duration": 36,
            "power_consumption": 86.35,
            "resource_usage": [
                276,
                48,
                49
            ]
        },
        {
            "id": 77,
            "earliest_start_time": 89,
            "latest_end_time": 272,
            "duration": 52,
            "power_consumption": 1.87,
            "resource_usage": [
                2,
                19,
                2
            ]
        },
        {
            "id": 78,
            "earliest_start_time": 3,
            "latest_end_time": 269,
            "duration": 12,
            "power_consumption": 64.71,
            "resource_usage": [
                206,
                37,
                41
            ]
        },
        {
            "id": 79,
            "earliest_start_time": 74,
            "latest_end_time": 181,
            "duration": 11,
            "power_consumption": 34.03,
            "resource_usage": [
                58,
                66,
                304
            ]
        },
        {
            "id": 80,
            "earliest_start_time": 1,
            "latest_end_time": 80,
            "duration": 19,
            "power_consumption": 76.04,
            "resource_usage": [
                113,
                606,
                108
            ]
        },
        {
            "id": 81,
            "earliest_start_time": 6,
            "latest_end_time": 201,
            "duration": 2,
            "power_consumption": 117.97,
            "resource_usage": [
                230,
                714,
                124
            ]
        },
        {
            "id": 82,
            "earliest_start_time": 207,
            "latest_end_time": 286,
            "duration": 3,
            "power_consumption": 52.43,
            "resource_usage": [
                68,
                467,
                70
            ]
        },
        {
            "id": 83,
            "earliest_start_time": 1,
            "latest_end_time": 180,
            "duration": 125,
            "power_consumption": 20.44,
            "resource_usage": [
                36,
                32,
                186
            ]
        },
        {
            "id": 84,
            "earliest_start_time": 139,
            "latest_end_time": 249,
            "duration": 15,
            "power_consumption": 1.75,
            "resource_usage": [
                3,
                3,
                16
            ]
        },
        {
            "id": 85,
            "earliest_start_time": 104,
            "latest_end_time": 166,
            "duration": 9,
            "power_consumption": 170.08,
            "resource_usage": [
                546,
                92,
                84
            ]
        },
        {
            "id": 86,
            "earliest_start_time": 57,
            "latest_end_time": 168,
            "duration": 24,
            "power_consumption": 21.68,
            "resource_usage": [
                34,
                163,
                33
            ]
        },
        {
            "id": 87,
            "earliest_start_time": 22,
            "latest_end_time": 151,
            "duration": 5,
            "power_consumption": 33.08,
            "resource_usage": [
                55,
                57,
                316
            ]
        },
        {
            "id": 88,
            "earliest_start_time": 3,
            "latest_end_time": 209,
            "duration": 31,
            "power_consumption": 114.12,
            "resource_usage": [
                364,
                65,
                68
            ]
        },
        {
            "id": 89,
            "earliest_start_time": 208,
            "latest_end_time": 259,
            "duration": 3,
            "power_consumption": 18.3,
            "resource_usage": [
                35,
                32,
                142
            ]
        },
        {
            "id": 90,
            "earliest_start_time": 2,
            "latest_end_time": 264,
            "duration": 33,
            "power_consumption": 83.78,
            "resource_usage": [
                268,
                44,
                50
            ]
        },
        {
            "id": 91,
            "earliest_start_time": 26,
            "latest_end_time": 217,
            "duration": 28,
            "power_consumption": 1.11,
            "resource_usage": [
                2,
                7,
                2
            ]
        },
        {
            "id": 92,
            "earliest_start_time": 61,
            "latest_end_time": 287,
            "duration": 119,
            "power_consumption": 107.61,
            "resource_usage": [
                195,
                197,
                898
            ]
        },
        {
            "id": 93,
            "earliest_start_time": 174,
            "latest_end_time": 246,
            "duration": 1,
            "power_consumption": 483.9,
            "resource_usage": [
                1547,
                277,
                261
            ]
        },
        {
            "id": 94,
            "earliest_start_time": 3,
            "latest_end_time": 257,
            "duration": 8,
            "power_consumption": 5.93,
            "resource_usage": [
                10,
                12,
                53
            ]
        },
        {
            "id": 95,
            "earliest_start_time": 229,
            "latest_end_time": 280,
            "duration": 3,
            "power_consumption": 4.52,
            "resource_usage": [
                7,
                7,
                48
            ]
        },
        {
            "id": 96,
            "earliest_start_time": 68,
            "latest_end_time": 227,
            "duration": 14,
            "power_consumption": 52.24,
            "resource_usage": [
                92,
                186,
                319
            ]
        },
        {
            "id": 97,
            "earliest_start_time": 12,
            "latest_end_time": 123,
            "duration": 1,
            "power_consumption": 71.33,
            "resource_usage": [
                107,
                556,
                113
            ]
        },
        {
            "id": 98,
            "earliest_start_time": 63,
            "latest_end_time": 114,
            "duration": 15,
            "power_consumption": 39.01,
            "resource_usage": [
                61,
                67,
                400
            ]
        },
        {
            "id": 99,
            "earliest_start_time": 113,
            "latest_end_time": 288,
            "duration": 3,
            "power_consumption": 32.64,
            "resource_usage": [
                57,
                82,
                254
            ]
        },
        {
            "id": 100,
            "earliest_start_time": 112,
            "latest_end_time": 250,
            "duration": 47,
            "power_consumption": 59.41,
            "resource_usage": [
                188,
                37,
                41
            ]
        },
        {
            "id": 101,
            "earliest_start_time": 38,
            "latest_end_time": 168,
            "duration": 53,
            "power_consumption": 93.22,
            "resource_usage": [
                299,
                47,
                53
            ]
        },
        {
            "id": 102,
            "earliest_start_time": 39,
            "latest_end_time": 282,
            "duration": 98,
            "power_consumption": 4.79,
            "resource_usage": [
                7,
                38,
                8
            ]
        },
        {
            "id": 103,
            "earliest_start_time": 31,
            "latest_end_time": 129,
            "duration": 51,
            "power_consumption": 17.75,
            "resource_usage": [
                29,
                32,
                171
            ]
        },
        {
            "id": 104,
            "earliest_start_time": 0,
            "latest_end_time": 182,
            "duration": 30,
            "power_consumption": 3.74,
            "resource_usage": [
                5,
                32,
                6
            ]
        },
        {
            "id": 105,
            "earliest_start_time": 9,
            "latest_end_time": 279,
            "duration": 8,
            "power_consumption": 26.79,
            "resource_usage": [
                85,
                16,
                18
            ]
        },
        {
            "id": 106,
            "earliest_start_time": 110,
            "latest_end_time": 215,
            "duration": 61,
            "power_consumption": 4.82,
            "resource_usage": [
                8,
                9,
                45
            ]
        },
        {
            "id": 107,
            "earliest_start_time": 9,
            "latest_end_time": 116,
            "duration": 64,
            "power_consumption": 81.76,
            "resource_usage": [
                263,
                40,
                43
            ]
        },
        {
            "id": 108,
            "earliest_start_time": 38,
            "latest_end_time": 287,
            "duration": 204,
            "power_consumption": 19.83,
            "resource_usage": [
                32,
                33,
                198
            ]
        },
        {
            "id": 109,
            "earliest_start_time": 55,
            "latest_end_time": 160,
            "duration": 4,
            "power_consumption": 68.51,
            "resource_usage": [
                110,
                108,
                697
            ]
        },
        {
            "id": 110,
            "earliest_start_time": 17,
            "latest_end_time": 287,
            "duration": 8,
            "power_consumption": 70.43,
            "resource_usage": [
                105,
                243,
                575
            ]
        },
        {
            "id": 111,
            "earliest_start_time": 58,
            "latest_end_time": 186,
            "duration": 33,
            "power_consumption": 32.34,
            "resource_usage": [
                102,
                22,
                22
            ]
        },
        {
            "id": 112,
            "earliest_start_time": 6,
            "latest_end_time": 112,
            "duration": 3,
            "power_consumption": 87.71,
            "resource_usage": [
                282,
                45,
                44
            ]
        },
        {
            "id": 113,
            "earliest_start_time": 82,
            "latest_end_time": 270,
            "duration": 17,
            "power_consumption": 228.42,
            "resource_usage": [
                533,
                994,
                209
            ]
        },
        {
            "id": 114,
            "earliest_start_time": 0,
            "latest_end_time": 174,
            "duration": 6,
            "power_consumption": 86.89,
            "resource_usage": [
                135,
                162,
                878
            ]
        },
        {
            "id": 115,
            "earliest_start_time": 22,
            "latest_end_time": 212,
            "duration": 12,
            "power_consumption": 16.89,
            "resource_usage": [
                27,
                125,
                25
            ]
        },
        {
            "id": 116,
            "earliest_start_time": 1,
            "latest_end_time": 261,
            "duration": 38,
            "power_consumption": 44.22,
            "resource_usage": [
                140,
                29,
                28
            ]
        },
        {
            "id": 117,
            "earliest_start_time": 157,
            "latest_end_time": 174,
            "duration": 3,
            "power_consumption": 222.57,
            "resource_usage": [
                716,
                106,
                121
            ]
        },
        {
            "id": 118,
            "earliest_start_time": 3,
            "latest_end_time": 268,
            "duration": 21,
            "power_consumption": 97.49,
            "resource_usage": [
                163,
                164,
                931
            ]
        },
        {
            "id": 119,
            "earliest_start_time": 18,
            "latest_end_time": 256,
            "duration": 31,
            "power_consumption": 5.4,
            "resource_usage": [
                8,
                43,
                8
            ]
        },
        {
            "id": 120,
            "earliest_start_time": 116,
            "latest_end_time": 273,
            "duration": 4,
            "power_consumption": 9.99,
            "resource_usage": [
                18,
                17,
                86
            ]
        },
        {
            "id": 121,
            "earliest_start_time": 4,
            "latest_end_time": 275,
            "duration": 4,
            "power_consumption": 322.29,
            "resource_usage": [
                666,
                1598,
                604
            ]
        },
        {
            "id": 122,
            "earliest_start_time": 77,
            "latest_end_time": 279,
            "duration": 34,
            "power_consumption": 10.03,
            "resource_usage": [
                16,
                15,
                104
            ]
        },
        {
            "id": 123,
            "earliest_start_time": 3,
            "latest_end_time": 171,
            "duration": 48,
            "power_consumption": 182.17,
            "resource_usage": [
                322,
                1251,
                201
            ]
        },
        {
            "id": 124,
            "earliest_start_time": 78,
            "latest_end_time": 288,
            "duration": 9,
            "power_consumption": 92.04,
            "resource_usage": [
                125,
                787,
                133
            ]
        },
        {
            "id": 125,
            "earliest_start_time": 28,
            "latest_end_time": 174,
            "duration": 53,
            "power_consumption": 7.11,
            "resource_usage": [
                22,
                6,
                6
            ]
        },
        {
            "id": 126,
            "earliest_start_time": 40,
            "latest_end_time": 183,
            "duration": 41,
            "power_consumption": 42.02,
            "resource_usage": [
                77,
                74,
                349
            ]
        },
        {
            "id": 127,
            "earliest_start_time": 123,
            "latest_end_time": 286,
            "duration": 4,
            "power_consumption": 8.35,
            "resource_usage": [
                26,
                7,
                6
            ]
        },
        {
            "id": 128,
            "earliest_start_time": 17,
            "latest_end_time": 154,
            "duration": 18,
            "power_consumption": 33.5,
            "resource_usage": [
                106,
                21,
                23
            ]
        },
        {
            "id": 129,
            "earliest_start_time": 127,
            "latest_end_time": 252,
            "duration": 6,
            "power_consumption": 20.27,
            "resource_usage": [
                33,
                34,
                200
            ]
        },
        {
            "id": 130,
            "earliest_start_time": 28,
            "latest_end_time": 254,
            "duration": 26,
            "power_consumption": 21.91,
            "resource_usage": [
                35,
                160,
                36
            ]
        },
        {
            "id": 131,
            "earliest_start_time": 122,
            "latest_end_time": 225,
            "duration": 3,
            "power_consumption": 11.19,
            "resource_usage": [
                36,
                6,
                5
            ]
        },
        {
            "id": 132,
            "earliest_start_time": 111,
            "latest_end_time": 256,
            "duration": 52,
            "power_consumption": 56.69,
            "resource_usage": [
                77,
                484,
                83
            ]
        },
        {
            "id": 133,
            "earliest_start_time": 98,
            "latest_end_time": 206,
            "duration": 11,
            "power_consumption": 40.27,
            "resource_usage": [
                70,
                67,
                367
            ]
        },
        {
            "id": 134,
            "earliest_start_time": 105,
            "latest_end_time": 276,
            "duration": 6,
            "power_consumption": 483.46,
            "resource_usage": [
                1544,
                282,
                264
            ]
        },
        {
            "id": 135,
            "earliest_start_time": 50,
            "latest_end_time": 287,
            "duration": 9,
            "power_consumption": 34.53,
            "resource_usage": [
                55,
                256,
                52
            ]
        },
        {
            "id": 136,
            "earliest_start_time": 7,
            "latest_end_time": 113,
            "duration": 63,
            "power_consumption": 18.74,
            "resource_usage": [
                34,
                29,
                164
            ]
        },
        {
            "id": 137,
            "earliest_start_time": 0,
            "latest_end_time": 141,
            "duration": 7,
            "power_consumption": 204.05,
            "resource_usage": [
                380,
                1299,
                243
            ]
        },
        {
            "id": 138,
            "earliest_start_time": 15,
            "latest_end_time": 79,
            "duration": 4,
            "power_consumption": 210.21,
            "resource_usage": [
                318,
                666,
                1773
            ]
        },
        {
            "id": 139,
            "earliest_start_time": 120,
            "latest_end_time": 263,
            "duration": 15,
            "power_consumption": 228.06,
            "resource_usage": [
                551,
                873,
                256
            ]
        },
        {
            "id": 140,
            "earliest_start_time": 102,
            "latest_end_time": 246,
            "duration": 58,
            "power_consumption": 60.82,
            "resource_usage": [
                100,
                114,
                575
            ]
        },
        {
            "id": 141,
            "earliest_start_time": 14,
            "latest_end_time": 155,
            "duration": 4,
            "power_consumption": 60.54,
            "resource_usage": [
                136,
                281,
                66
            ]
        },
        {
            "id": 142,
            "earliest_start_time": 14,
            "latest_end_time": 257,
            "duration": 14,
            "power_consumption": 107.37,
            "resource_usage": [
                342,
                64,
                63
            ]
        },
        {
            "id": 143,
            "earliest_start_time": 41,
            "latest_end_time": 209,
            "duration": 29,
            "power_consumption": 38.63,
            "resource_usage": [
                60,
                293,
                59
            ]
        },
        {
            "id": 144,
            "earliest_start_time": 74,
            "latest_end_time": 267,
            "duration": 31,
            "power_consumption": 18.4,
            "resource_usage": [
                23,
                167,
                26
            ]
        },
        {
            "id": 145,
            "earliest_start_time": 4,
            "latest_end_time": 193,
            "duration": 4,
            "power_consumption": 143.73,
            "resource_usage": [
                260,
                953,
                168
            ]
        },
        {
            "id": 146,
            "earliest_start_time": 68,
            "latest_end_time": 248,
            "duration": 54,
            "power_consumption": 51.35,
            "resource_usage": [
                68,
                446,
                76
            ]
        },
        {
            "id": 147,
            "earliest_start_time": 121,
            "latest_end_time": 279,
            "duration": 21,
            "power_consumption": 36.91,
            "resource_usage": [
                65,
                55,
                340
            ]
        },
        {
            "id": 148,
            "earliest_start_time": 72,
            "latest_end_time": 235,
            "duration": 43,
            "power_consumption": 115.2,
            "resource_usage": [
                365,
                72,
                76
            ]
        },
        {
            "id": 149,
            "earliest_start_time": 23,
            "latest_end_time": 171,
            "duration": 11,
            "power_consumption": 17.58,
            "resource_usage": [
                25,
                146,
                24
            ]
        },
        {
            "id": 150,
            "earliest_start_time": 0,
            "latest_end_time": 44,
            "duration": 1,
            "power_consumption": 382.6,
            "resource_usage": [
                1216,
                230,
                240
            ]
        },
        {
            "id": 151,
            "earliest_start_time": 156,
            "latest_end_time": 278,
            "duration": 12,
            "power_consumption": 49.1,
            "resource_usage": [
                73,
                387,
                76
            ]
        },
        {
            "id": 152,
            "earliest_start_time": 6,
            "latest_end_time": 249,
            "duration": 13,
            "power_consumption": 53.37,
            "resource_usage": [
                171,
                30,
                27
            ]
        },
        {
            "id": 153,
            "earliest_start_time": 2,
            "latest_end_time": 117,
            "duration": 23,
            "power_consumption": 85.84,
            "resource_usage": [
                143,
                140,
                830
            ]
        },
        {
            "id": 154,
            "earliest_start_time": 48,
            "latest_end_time": 280,
            "duration": 19,
            "power_consumption": 560.09,
            "resource_usage": [
                1791,
                310,
                315
            ]
        },
        {
            "id": 155,
            "earliest_start_time": 164,
            "latest_end_time": 248,
            "duration": 49,
            "power_consumption": 7.84,
            "resource_usage": [
                12,
                61,
                11
            ]
        },
        {
            "id": 156,
            "earliest_start_time": 117,
            "latest_end_time": 282,
            "duration": 40,
            "power_consumption": 122.45,
            "resource_usage": [
                390,
                75,
                69
            ]
        },
        {
            "id": 157,
            "earliest_start_time": 61,
            "latest_end_time": 286,
            "duration": 24,
            "power_consumption": 96.08,
            "resource_usage": [
                146,
                759,
                124
            ]
        },
        {
            "id": 158,
            "earliest_start_time": 109,
            "latest_end_time": 277,
            "duration": 26,
            "power_consumption": 334.26,
            "resource_usage": [
                1017,
                423,
                194
            ]
        },
        {
            "id": 159,
            "earliest_start_time": 80,
            "latest_end_time": 274,
            "duration": 11,
            "power_consumption": 299.81,
            "resource_usage": [
                948,
                193,
                203
            ]
        },
        {
            "id": 160,
            "earliest_start_time": 126,
            "latest_end_time": 256,
            "duration": 28,
            "power_consumption": 42.25,
            "resource_usage": [
                71,
                173,
                248
            ]
        },
        {
            "id": 161,
            "earliest_start_time": 34,
            "latest_end_time": 167,
            "duration": 10,
            "power_consumption": 10.51,
            "resource_usage": [
                19,
                18,
                90
            ]
        },
        {
            "id": 162,
            "earliest_start_time": 70,
            "latest_end_time": 108,
            "duration": 17,
            "power_consumption": 20.5,
            "resource_usage": [
                34,
                29,
                206
            ]
        },
        {
            "id": 163,
            "earliest_start_time": 47,
            "latest_end_time": 176,
            "duration": 16,
            "power_consumption": 17.5,
            "resource_usage": [
                31,
                30,
                154
            ]
        },
        {
            "id": 164,
            "earliest_start_time": 33,
            "latest_end_time": 226,
            "duration": 52,
            "power_consumption": 48.54,
            "resource_usage": [
                152,
                38,
                33
            ]
        },
        {
            "id": 165,
            "earliest_start_time": 178,
            "latest_end_time": 278,
            "duration": 45,
            "power_consumption": 8.12,
            "resource_usage": [
                13,
                12,
                84
            ]
        },
        {
            "id": 166,
            "earliest_start_time": 12,
            "latest_end_time": 252,
            "duration": 177,
            "power_consumption": 7.72,
            "resource_usage": [
                13,
                13,
                73
            ]
        },
        {
            "id": 167,
            "earliest_start_time": 277,
            "latest_end_time": 288,
            "duration": 10,
            "power_consumption": 200.81,
            "resource_usage": [
                638,
                131,
                112
            ]
        },
        {
            "id": 168,
            "earliest_start_time": 2,
            "latest_end_time": 275,
            "duration": 34,
            "power_consumption": 34.93,
            "resource_usage": [
                58,
                59,
                336
            ]
        },
        {
            "id": 169,
            "earliest_start_time": 5,
            "latest_end_time": 132,
            "duration": 22,
            "power_consumption": 77.93,
            "resource_usage": [
                248,
                46,
                48
            ]
        },
        {
            "id": 170,
            "earliest_start_time": 0,
            "latest_end_time": 68,
            "duration": 6,
            "power_consumption": 81.95,
            "resource_usage": [
                137,
                137,
                784
            ]
        },
        {
            "id": 171,
            "earliest_start_time": 0,
            "latest_end_time": 252,
            "duration": 119,
            "power_consumption": 39.87,
            "resource_usage": [
                65,
                74,
                382
            ]
        },
        {
            "id": 172,
            "earliest_start_time": 40,
            "latest_end_time": 270,
            "duration": 15,
            "power_consumption": 116.71,
            "resource_usage": [
                187,
                674,
                455
            ]
        },
        {
            "id": 173,
            "earliest_start_time": 2,
            "latest_end_time": 106,
            "duration": 31,
            "power_consumption": 44.14,
            "resource_usage": [
                79,
                67,
                396
            ]
        },
        {
            "id": 174,
            "earliest_start_time": 67,
            "latest_end_time": 279,
            "duration": 40,
            "power_consumption": 46.28,
            "resource_usage": [
                73,
                163,
                345
            ]
        },
        {
            "id": 175,
            "earliest_start_time": 18,
            "latest_end_time": 169,
            "duration": 35,
            "power_consumption": 60.92,
            "resource_usage": [
                195,
                33,
                34
            ]
        },
        {
            "id": 176,
            "earliest_start_time": 151,
            "latest_end_time": 288,
            "duration": 93,
            "power_consumption": 13.42,
            "resource_usage": [
                21,
                100,
                22
            ]
        },
        {
            "id": 177,
            "earliest_start_time": 58,
            "latest_end_time": 274,
            "duration": 12,
            "power_consumption": 204.91,
            "resource_usage": [
                355,
                1414,
                266
            ]
        },
        {
            "id": 178,
            "earliest_start_time": 13,
            "latest_end_time": 68,
            "duration": 1,
            "power_consumption": 331.84,
            "resource_usage": [
                1061,
                196,
                169
            ]
        },
        {
            "id": 179,
            "earliest_start_time": 208,
            "latest_end_time": 228,
            "duration": 9,
            "power_consumption": 111.77,
            "resource_usage": [
                165,
                883,
                178
            ]
        },
        {
            "id": 180,
            "earliest_start_time": 8,
            "latest_end_time": 53,
            "duration": 23,
            "power_consumption": 405.73,
            "resource_usage": [
                1291,
                244,
                244
            ]
        },
        {
            "id": 181,
            "earliest_start_time": 173,
            "latest_end_time": 190,
            "duration": 10,
            "power_consumption": 116.67,
            "resource_usage": [
                240,
                650,
                119
            ]
        },
        {
            "id": 182,
            "earliest_start_time": 194,
            "latest_end_time": 274,
            "duration": 39,
            "power_consumption": 187.03,
            "resource_usage": [
                553,
                288,
                144
            ]
        },
        {
            "id": 183,
            "earliest_start_time": 21,
            "latest_end_time": 267,
            "duration": 46,
            "power_consumption": 37.6,
            "resource_usage": [
                62,
                204,
                154
            ]
        },
        {
            "id": 184,
            "earliest_start_time": 34,
            "latest_end_time": 274,
            "duration": 9,
            "power_consumption": 87.84,
            "resource_usage": [
                140,
                147,
                888
            ]
        },
        {
            "id": 185,
            "earliest_start_time": 48,
            "latest_end_time": 262,
            "duration": 1,
            "power_consumption": 66.16,
            "resource_usage": [
                103,
                102,
                699
            ]
        },
        {
            "id": 186,
            "earliest_start_time": 34,
            "latest_end_time": 260,
            "duration": 12,
            "power_consumption": 343.32,
            "resource_usage": [
                1089,
                220,
                210
            ]
        },
        {
            "id": 187,
            "earliest_start_time": 169,
            "latest_end_time": 287,
            "duration": 29,
            "power_consumption": 2.42,
            "resource_usage": [
                4,
                17,
                4
            ]
        },
        {
            "id": 188,
            "earliest_start_time": 105,
            "latest_end_time": 279,
            "duration": 1,
            "power_consumption": 17.96,
            "resource_usage": [
                31,
                36,
                156
            ]
        },
        {
            "id": 189,
            "earliest_start_time": 3,
            "latest_end_time": 247,
            "duration": 40,
            "power_consumption": 76.02,
            "resource_usage": [
                241,
                47,
                50
            ]
        },
        {
            "id": 190,
            "earliest_start_time": 106,
            "latest_end_time": 226,
            "duration": 25,
            "power_consumption": 5.89,
            "resource_usage": [
                10,
                10,
                55
            ]
        },
        {
            "id": 191,
            "earliest_start_time": 47,
            "latest_end_time": 217,
            "duration": 50,
            "power_consumption": 82.5,
            "resource_usage": [
                262,
                47,
                57
            ]
        },
        {
            "id": 192,
            "earliest_start_time": 85,
            "latest_end_time": 237,
            "duration": 13,
            "power_consumption": 36.46,
            "resource_usage": [
                59,
                70,
                349
            ]
        },
        {
            "id": 193,
            "earliest_start_time": 178,
            "latest_end_time": 216,
            "duration": 13,
            "power_consumption": 30.89,
            "resource_usage": [
                49,
                231,
                45
            ]
        },
        {
            "id": 194,
            "earliest_start_time": 220,
            "latest_end_time": 277,
            "duration": 14,
            "power_consumption": 4.44,
            "resource_usage": [
                7,
                7,
                46
            ]
        },
        {
            "id": 195,
            "earliest_start_time": 24,
            "latest_end_time": 258,
            "duration": 8,
            "power_consumption": 170.02,
            "resource_usage": [
                440,
                531,
                166
            ]
        },
        {
            "id": 196,
            "earliest_start_time": 28,
            "latest_end_time": 288,
            "duration": 11,
            "power_consumption": 347.04,
            "resource_usage": [
                1058,
                429,
                202
            ]
        },
        {
            "id": 197,
            "earliest_start_time": 7,
            "latest_end_time": 194,
            "duration": 17,
            "power_consumption": 40.69,
            "resource_usage": [
                128,
                29,
                28
            ]
        },
        {
            "id": 198,
            "earliest_start_time": 16,
            "latest_end_time": 108,
            "duration": 55,
            "power_consumption": 105.63,
            "resource_usage": [
                336,
                61,
                68
            ]
        },
        {
            "id": 199,
            "earliest_start_time": 51,
            "latest_end_time": 151,
            "duration": 24,
            "power_consumption": 50.01,
            "resource_usage": [
                75,
                290,
                229
            ]
        },
        {
            "id": 200,
            "earliest_start_time": 17,
            "latest_end_time": 254,
            "duration": 50,
            "power_consumption": 90.64,
            "resource_usage": [
                288,
                54,
                58
            ]
        },
        {
            "id": 201,
            "earliest_start_time": 45,
            "latest_end_time": 154,
            "duration": 38,
            "power_consumption": 69.77,
            "resource_usage": [
                221,
                46,
                43
            ]
        },
        {
            "id": 202,
            "earliest_start_time": 88,
            "latest_end_time": 143,
            "duration": 32,
            "power_consumption": 32.7,
            "resource_usage": [
                104,
                19,
                21
            ]
        },
        {
            "id": 203,
            "earliest_start_time": 146,
            "latest_end_time": 280,
            "duration": 27,
            "power_consumption": 209.07,
            "resource_usage": [
                669,
                118,
                111
            ]
        },
        {
            "id": 204,
            "earliest_start_time": 166,
            "latest_end_time": 219,
            "duration": 14,
            "power_consumption": 295.08,
            "resource_usage": [
                639,
                1470,
                338
            ]
        },
        {
            "id": 205,
            "earliest_start_time": 220,
            "latest_end_time": 282,
            "duration": 11,
            "power_consumption": 189.07,
            "resource_usage": [
                568,
                263,
                125
            ]
        },
        {
            "id": 206,
            "earliest_start_time": 83,
            "latest_end_time": 287,
            "duration": 41,
            "power_consumption": 84.24,
            "resource_usage": [
                268,
                50,
                52
            ]
        },
        {
            "id": 207,
            "earliest_start_time": 31,
            "latest_end_time": 171,
            "duration": 64,
            "power_consumption": 215.44,
            "resource_usage": [
                694,
                107,
                104
            ]
        },
        {
            "id": 208,
            "earliest_start_time": 26,
            "latest_end_time": 73,
            "duration": 20,
            "power_consumption": 64.43,
            "resource_usage": [
                108,
                104,
                620
            ]
        },
        {
            "id": 209,
            "earliest_start_time": 32,
            "latest_end_time": 186,
            "duration": 88,
            "power_consumption": 20.86,
            "resource_usage": [
                30,
                170,
                31
            ]
        },
        {
            "id": 210,
            "earliest_start_time": 4,
            "latest_end_time": 196,
            "duration": 25,
            "power_consumption": 50.09,
            "resource_usage": [
                84,
                84,
                477
            ]
        },
        {
            "id": 211,
            "earliest_start_time": 1,
            "latest_end_time": 197,
            "duration": 1,
            "power_consumption": 82.88,
            "resource_usage": [
                260,
                61,
                59
            ]
        },
        {
            "id": 212,
            "earliest_start_time": 19,
            "latest_end_time": 263,
            "duration": 1,
            "power_consumption": 568.42,
            "resource_usage": [
                1784,
                446,
                358
            ]
        },
        {
            "id": 213,
            "earliest_start_time": 26,
            "latest_end_time": 230,
            "duration": 125,
            "power_consumption": 14.13,
            "resource_usage": [
                21,
                112,
                21
            ]
        },
        {
            "id": 214,
            "earliest_start_time": 106,
            "latest_end_time": 271,
            "duration": 31,
            "power_consumption": 8.39,
            "resource_usage": [
                26,
                7,
                7
            ]
        },
        {
            "id": 215,
            "earliest_start_time": 63,
            "latest_end_time": 265,
            "duration": 12,
            "power_consumption": 76.82,
            "resource_usage": [
                111,
                633,
                100
            ]
        },
        {
            "id": 216,
            "earliest_start_time": 23,
            "latest_end_time": 132,
            "duration": 42,
            "power_consumption": 72.07,
            "resource_usage": [
                107,
                559,
                126
            ]
        },
        {
            "id": 217,
            "earliest_start_time": 6,
            "latest_end_time": 173,
            "duration": 4,
            "power_consumption": 52.97,
            "resource_usage": [
                75,
                431,
                88
            ]
        },
        {
            "id": 218,
            "earliest_start_time": 3,
            "latest_end_time": 72,
            "duration": 33,
            "power_consumption": 40.65,
            "resource_usage": [
                70,
                67,
                376
            ]
        },
        {
            "id": 219,
            "earliest_start_time": 81,
            "latest_end_time": 253,
            "duration": 111,
            "power_consumption": 2.36,
            "resource_usage": [
                4,
                16,
                4
            ]
        },
        {
            "id": 220,
            "earliest_start_time": 4,
            "latest_end_time": 141,
            "duration": 20,
            "power_consumption": 28.45,
            "resource_usage": [
                39,
                245,
                36
            ]
        },
        {
            "id": 221,
            "earliest_start_time": 66,
            "latest_end_time": 182,
            "duration": 9,
            "power_consumption": 1.75,
            "resource_usage": [
                3,
                3,
                16
            ]
        },
        {
            "id": 222,
            "earliest_start_time": 62,
            "latest_end_time": 197,
            "duration": 13,
            "power_consumption": 19.39,
            "resource_usage": [
                31,
                30,
                199
            ]
        },
        {
            "id": 223,
            "earliest_start_time": 32,
            "latest_end_time": 247,
            "duration": 3,
            "power_consumption": 65.86,
            "resource_usage": [
                106,
                424,
                188
            ]
        },
        {
            "id": 224,
            "earliest_start_time": 2,
            "latest_end_time": 58,
            "duration": 3,
            "power_consumption": 394.86,
            "resource_usage": [
                1257,
                233,
                240
            ]
        },
        {
            "id": 225,
            "earliest_start_time": 72,
            "latest_end_time": 282,
            "duration": 70,
            "power_consumption": 100.29,
            "resource_usage": [
                320,
                61,
                53
            ]
        },
        {
            "id": 226,
            "earliest_start_time": 129,
            "latest_end_time": 215,
            "duration": 37,
            "power_consumption": 91.37,
            "resource_usage": [
                294,
                47,
                44
            ]
        },
        {
            "id": 227,
            "earliest_start_time": 97,
            "latest_end_time": 252,
            "duration": 106,
            "power_consumption": 33.1,
            "resource_usage": [
                54,
                238,
                52
            ]
        },
        {
            "id": 228,
            "earliest_start_time": 124,
            "latest_end_time": 275,
            "duration": 29,
            "power_consumption": 190.38,
            "resource_usage": [
                513,
                525,
                148
            ]
        },
        {
            "id": 229,
            "earliest_start_time": 4,
            "latest_end_time": 265,
            "duration": 22,
            "power_consumption": 61.97,
            "resource_usage": [
                110,
                97,
                558
            ]
        },
        {
            "id": 230,
            "earliest_start_time": 87,
            "latest_end_time": 181,
            "duration": 31,
            "power_consumption": 60.58,
            "resource_usage": [
                84,
                503,
                98
            ]
        },
        {
            "id": 231,
            "earliest_start_time": 49,
            "latest_end_time": 242,
            "duration": 37,
            "power_consumption": 340.78,
            "resource_usage": [
                1084,
                207,
                204
            ]
        },
        {
            "id": 232,
            "earliest_start_time": 92,
            "latest_end_time": 258,
            "duration": 69,
            "power_consumption": 20.42,
            "resource_usage": [
                36,
                37,
                178
            ]
        },
        {
            "id": 233,
            "earliest_start_time": 43,
            "latest_end_time": 168,
            "duration": 27,
            "power_consumption": 75.33,
            "resource_usage": [
                106,
                634,
                98
            ]
        },
        {
            "id": 234,
            "earliest_start_time": 2,
            "latest_end_time": 233,
            "duration": 26,
            "power_consumption": 468.8,
            "resource_usage": [
                1135,
                1739,
                593
            ]
        },
        {
            "id": 235,
            "earliest_start_time": 7,
            "latest_end_time": 263,
            "duration": 4,
            "power_consumption": 19.47,
            "resource_usage": [
                30,
                32,
                205
            ]
        },
        {
            "id": 236,
            "earliest_start_time": 69,
            "latest_end_time": 275,
            "duration": 21,
            "power_consumption": 40.02,
            "resource_usage": [
                70,
                69,
                358
            ]
        },
        {
            "id": 237,
            "earliest_start_time": 75,
            "latest_end_time": 218,
            "duration": 74,
            "power_consumption": 485.62,
            "resource_usage": [
                1550,
                291,
                260
            ]
        },
        {
            "id": 238,
            "earliest_start_time": 277,
            "latest_end_time": 288,
            "duration": 10,
            "power_consumption": 479.23,
            "resource_usage": [
                1520,
                305,
                297
            ]
        },
        {
            "id": 239,
            "earliest_start_time": 73,
            "latest_end_time": 264,
            "duration": 63,
            "power_consumption": 48.07,
            "resource_usage": [
                80,
                156,
                349
            ]
        },
        {
            "id": 240,
            "earliest_start_time": 96,
            "latest_end_time": 255,
            "duration": 3,
            "power_consumption": 58.29,
            "resource_usage": [
                85,
                474,
                80
            ]
        },
        {
            "id": 241,
            "earliest_start_time": 183,
            "latest_end_time": 225,
            "duration": 1,
            "power_consumption": 54.44,
            "resource_usage": [
                136,
                189,
                59
            ]
        },
        {
            "id": 242,
            "earliest_start_time": 20,
            "latest_end_time": 119,
            "duration": 21,
            "power_consumption": 144.39,
            "resource_usage": [
                221,
                532,
                1088
            ]
        },
        {
            "id": 243,
            "earliest_start_time": 101,
            "latest_end_time": 287,
            "duration": 24,
            "power_consumption": 145.9,
            "resource_usage": [
                241,
                246,
                1413
            ]
        },
        {
            "id": 244,
            "earliest_start_time": 80,
            "latest_end_time": 280,
            "duration": 11,
            "power_consumption": 66.68,
            "resource_usage": [
                96,
                547,
                93
            ]
        },
        {
            "id": 245,
            "earliest_start_time": 23,
            "latest_end_time": 282,
            "duration": 3,
            "power_consumption": 206.38,
            "resource_usage": [
                334,
                1514,
                298
            ]
        },
        {
            "id": 246,
            "earliest_start_time": 68,
            "latest_end_time": 196,
            "duration": 54,
            "power_consumption": 44.56,
            "resource_usage": [
                142,
                25,
                28
            ]
        },
        {
            "id": 247,
            "earliest_start_time": 76,
            "latest_end_time": 222,
            "duration": 4,
            "power_consumption": 17.08,
            "resource_usage": [
                28,
                28,
                168
            ]
        },
        {
            "id": 248,
            "earliest_start_time": 19,
            "latest_end_time": 218,
            "duration": 62,
            "power_consumption": 171.56,
            "resource_usage": [
                491,
                340,
                132
            ]
        },
        {
            "id": 249,
            "earliest_start_time": 0,
            "latest_end_time": 181,
            "duration": 17,
            "power_consumption": 153.6,
            "resource_usage": [
                235,
                1100,
                357
            ]
        }
    ],
    "energy_prices": [
        0.04829,
        0.04829,
        0.04829,
        0.04829,
        0.04829,
        0.04829,
        0.04088,
        0.04088,
        0.04088,
        0.04088,
        0.04088,
        0.04088,
        0.04088,
        0.04088,
        0.04088,
        0.04088,
        0.04088,
        0.04088,
        0.04088,
        0.04088,
        0.04088,
        0.04088,
        0.04088,
        0.04088,
        0.03579,
        0.03579,
        0.03579,
        0.03579,
        0.03579,
        0.03579,
        0.03579,
        0.03579,
        0.03579,
        0.03579,
        0.03579,
        0.03579,
        0.03579,
        0.03579,
        0.03579,
        0.03579,
        0.03579,
        0.03579,
        0.03512,
        0.03512,
        0.03512,
        0.03512,
        0.03512,
        0.03512,
        0.03512,
        0.03512,
        0.03512,
        0.03512,
        0.03512,
        0.03512,
        0.03512,
        0.03512,
        0.03512,
        0.03512,
        0.03512,
        0.03512,
        0.03512,
        0.03512,
        0.03512,
        0.03512,
        0.03512,
        0.03512,
        0.03579,
        0.03579,
        0.03579,
        0.03579,
        0.03579,
        0.03579,
        0.06453,
        0.06453,
        0.06453,
        0.06453,
        0.06453,
        0.06453,
        0.06453,
        0.06453,
        0.06453,
        0.06453,
        0.06453,
        0.06453,
        0.07384,
        0.07384,
        0.07384,
        0.07384,
        0.07384,
        0.07384,
        0.07504,
        0.07504,
        0.07504,
        0.07504,
        0.07504,
        0.07504,
        0.07504,
        0.07504,
        0.07504,
        0.07504,
        0.07504,
        0.07504,
        0.07504,
        0.07504,
        0.07504,
        0.07504,
        0.07504,
        0.07504,
        0.0749,
        0.0749,
        0.0749,
        0.0749,
        0.0749,
        0.0749,
        0.0749,
        0.0749,
        0.0749,
        0.0749,
        0.0749,
        0.0749,
        0.0749,
        0.0749,
        0.0749,
        0.0749,
        0.0749,
        0.0749,
        0.0749,
        0.0749,
        0.0749,
        0.0749,
        0.0749,
        0.0749,
        0.07459,
        0.07459,
        0.07459,
        0.07459,
        0.07459,
        0.07459,
        0.07116,
        0.07116,
        0.07116,
        0.07116,
        0.07116,
        0.07116,
        0.06543,
        0.06543,
        0.06543,
        0.06543,
        0.06543,
        0.06543,
        0.06543,
        0.06543,
        0.06543,
        0.06543,
        0.06543,
        0.06543,
        0.06453,
        0.06453,
        0.06453,
        0.06453,
        0.06453,
        0.06453,
        0.06453,
        0.06453,
        0.06453,
        0.06453,
        0.06453,
        0.06453,
        0.06429,
        0.06429,
        0.06429,
        0.06429,
        0.06429,
        0.06429,
        0.06429,
        0.06429,
        0.06429,
        0.06429,
        0.06429,
        0.06429,
        0.06429,
        0.06429,
        0.06429,
        0.06429,
        0.06429,
        0.06429,
        0.06429,
        0.06429,
        0.06429,
        0.06429,
        0.06429,
        0.06429,
        0.06429,
        0.06429,
        0.06429,
        0.06429,
        0.06429,
        0.06429,
        0.06453,
        0.06453,
        0.06453,
        0.06453,
        0.06453,
        0.06453,
        0.06543,
        0.06543,
        0.06543,
        0.06543,
        0.06543,
        0.06543,
        0.06543,
        0.06543,
        0.06543,
        0.06543,
        0.06543,
        0.06543,
        0.07096,
        0.07096,
        0.07096,
        0.07096,
        0.07096,
        0.07096,
        0.07428,
        0.07428,
        0.07428,
        0.07428,
        0.07428,
        0.07428,
        0.06867,
        0.06867,
        0.06867,
        0.06867,
        0.06867,
        0.06867,
        0.06516,
        0.06516,
        0.06516,
        0.06516,
        0.06516,
        0.06516,
        0.06453,
        0.06453,
        0.06453,
        0.06453,
        0.06453,
        0.06453,
        0.06429,
        0.06429,
        0.06429,
        0.06429,
        0.06429,
        0.06429,
        0.06318,
        0.06318,
        0.06318,
        0.06318,
        0.06318,
        0.06318,
        0.04807,
        0.04807,
        0.04807,
        0.04807,
        0.04807,
        0.04807,
        0.0471,
        0.0471,
        0.0471,
        0.0471,
        0.0471,
        0.0471,
        0.04395,
        0.04395,
        0.04395,
        0.04395,
        0.04395,
        0.04395,
        0.04807,
        0.04807,
        0.04807,
        0.04807,
        0.04807,
        0.04807,
        0.04807,
        0.04807,
        0.04807,
        0.04807,
        0.04807,
        0.04807
    ]
}