{
    "time_resolution": 5,
    "resources": 3,
    "machines": [
        {
            "id": 0,
            "idle_consumption": 120,
            "power_up_cost": 0.1,
            "power_down_cost": 0.1,
            "resource_capacities": [
                2544,
                2510,
                2528
            ]
        },
        {
            "id": 1,
            "idle_consumption": 190,
            "power_up_cost": 0.1,
            "power_down_cost": 0.0,
            "resource_capacities": [
                2506,
                2576,
                2532
            ]
        },
        {
            "id": 2,
            "idle_consumption": 170,
            "power_up_cost": 0.1,
            "power_down_cost": 0.1,
            "resource_capacities": [
                2566,
                2519,
                2601
            ]
        },
        {
            "id": 3,
            "idle_consumption": 170,
            "power_up_cost": 0.1,
            "power_down_cost": 0.1,
            "resource_capacities": [
                2595,
                2444,
                2454
            ]
        },
        {
            "id": 4,
            "idle_consumption": 150,
            "power_up_cost": 0.1,
            "power_down_cost": 0.1,
            "resource_capacities": [
                2570,
                2512,
                2472
            ]
        }
    ],
    "tasks": [
        {
            "id": 0,
            "earliest_start_time": 1,
            "latest_end_time": 194,
            "duration": 13,
            "power_consumption": 27.26,
            "resource_usage": [
                44,
                206,
                42
            ]
        },
        {
            "id": 1,
            "earliest_start_time": 131,
            "latest_end_time": 288,
            "duration": 103,
            "power_consumption": 111.98,
            "resource_usage": [
                365,
                59,
                64
            ]
        },
        {
            "id": 2,
            "earliest_start_time": 110,
            "latest_end_time": 224,
            "duration": 75,
            "power_consumption": 7.63,
            "resource_usage": [
                12,
                59,
                12
            ]
        },
        {
            "id": 3,
            "earliest_start_time": 60,
            "latest_end_time": 207,
            "duration": 76,
            "power_consumption": 86.48,
            "resource_usage": [
                280,
                54,
                50
            ]
        },
        {
            "id": 4,
            "earliest_start_time": 27,
            "latest_end_time": 245,
            "duration": 67,
            "power_consumption": 176.5,
            "resource_usage": [
                398,
                843,
                217
            ]
        },
        {
            "id": 5,
            "earliest_start_time": 3,
            "latest_end_time": 284,
            "duration": 54,
            "power_consumption": 92.56,
            "resource_usage": [
                146,
                612,
                298
            ]
        },
        {
            "id": 6,
            "earliest_start_time": 92,
            "latest_end_time": 264,
            "duration": 29,
            "power_consumption": 34.74,
            "resource_usage": [
                60,
                62,
                327
            ]
        },
        {
            "id": 7,
            "earliest_start_time": 0,
            "latest_end_time": 256,
            "duration": 37,
            "power_consumption": 264.8,
            "resource_usage": [
                362,
                1959,
                930
            ]
        },
        {
            "id": 8,
            "earliest_start_time": 44,
            "latest_end_time": 145,
            "duration": 51,
            "power_consumption": 92.98,
            "resource_usage": [
                302,
                52,
                56
            ]
        },
        {
            "id": 9,
            "earliest_start_time": 81,
            "latest_end_time": 274,
            "duration": 10,
            "power_consumption": 404.87,
            "resource_usage": [
                1308,
                246,
                264
            ]
        },
        {
            "id": 10,
            "earliest_start_time": 133,
            "latest_end_time": 264,
            "duration": 35,
            "power_consumption": 181.36,
            "resource_usage": [
                283,
                1102,
                751
            ]
        },
        {
            "id": 11,
            "earliest_start_time": 107,
            "latest_end_time": 234,
            "duration": 21,
            "power_consumption": 66.59,
            "resource_usage": [
                217,
                38,
                34
            ]
        },
        {
            "id": 12,
            "earliest_start_time": 44,
            "latest_end_time": 155,
            "duration": 51,
            "power_consumption": 74.43,
            "resource_usage": [
                240,
                47,
                49
            ]
        },
        {
            "id": 13,
            "earliest_start_time": 128,
            "latest_end_time": 226,
            "duration": 39,
            "power_consumption": 96.76,
            "resource_usage": [
                177,
                245,
                733
            ]
        },
        {
            "id": 14,
            "earliest_start_time": 1,
            "latest_end_time": 264,
            "duration": 191,
            "power_consumption": 150.16,
            "resource_usage": [
                270,
                255,
                1358
            ]
        },
        {
            "id": 15,
            "earliest_start_time": 257,
            "latest_end_time": 276,
            "duration": 2,
            "power_consumption": 699.99,
            "resource_usage": [
                1839,
                1907,
                1191
            ]
        },
        {
            "id": 16,
            "earliest_start_time": 37,
            "latest_end_time": 191,
            "duration": 30,
            "power_consumption": 23.12,
            "resource_usage": [
                36,
                38,
                250
            ]
        },
        {
            "id": 17,
            "earliest_start_time": 68,
            "latest_end_time": 236,
            "duration": 14,
            "power_consumption": 167.51,
            "resource_usage": [
                270,
                962,
                717
            ]
        },
        {
            "id": 18,
            "earliest_start_time": 0,
            "latest_end_time": 125,
            "duration": 1,
            "power_consumption": 21.73,
            "resource_usage": [
                36,
                43,
                209
            ]
        },
        {
            "id": 19,
            "earliest_start_time": 60,
            "latest_end_time": 92,
            "duration": 9,
            "power_consumption": 39.66,
            "resource_usage": [
                78,
                234,
                62
            ]
        },
        {
            "id": 20,
            "earliest_start_time": 126,
            "latest_end_time": 184,
            "duration": 9,
            "power_consumption": 36.48,
            "resource_usage": [
                62,
                68,
                346
            ]
        },
        {
            "id": 21,
            "earliest_start_time": 1,
            "latest_end_time": 239,
            "duration": 88,
            "power_consumption": 8.91,
            "resource_usage": [
                16,
                15,
                81
            ]
        },
        {
            "id": 22,
            "earliest_start_time": 107,
            "latest_end_time": 288,
            "duration": 46,
            "power_consumption": 75.83,
            "resource_usage": [
                244,
                49,
                52
            ]
        },
        {
            "id": 23,
            "earliest_start_time": 85,
            "latest_end_time": 164,
            "duration": 7,
            "power_consumption": 41.88,
            "resource_usage": [
                73,
                63,
                407
            ]
        },
        {
            "id": 24,
            "earliest_start_time": 43,
            "latest_end_time": 218,
            "duration": 85,
            "power_consumption": 13.36,
            "resource_usage": [
                24,
                24,
                119
            ]
        },
        {
            "id": 25,
            "earliest_start_time": 68,
            "latest_end_time": 248,
            "duration": 85,
            "power_consumption": 37.08,
            "resource_usage": [
                67,
                61,
                336
            ]
        },
        {
            "id": 26,
            "earliest_start_time": 95,
            "latest_end_time": 275,
            "duration": 52,
            "power_consumption": 7.32,
            "resource_usage": [
                12,
                54,
                12
            ]
        },
        {
            "id": 27,
            "earliest_start_time": 3,
            "latest_end_time": 284,
            "duration": 92,
            "power_consumption": 31.1,
            "resource_usage": [
                52,
                52,
                310
            ]
        },
        {
            "id": 28,
            "earliest_start_time": 220,
            "latest_end_time": 288,
            "duration": 10,
            "power_consumption": 236.22,
            "resource_usage": [
                764,
                135,
                161
            ]
        },
        {
            "id": 29,
            "earliest_start_time": 7,
            "latest_end_time": 209,
            "duration": 35,
            "power_consumption": 65.12,
            "resource_usage": [
                211,
                39,
                39
            ]
        },
        {
            "id": 30,
            "earliest_start_time": 161,
            "latest_end_time": 283,
            "duration": 82,
            "power_consumption": 269.58,
            "resource_usage": [
                882,
                136,
                140
            ]
        },
        {
            "id": 31,
            "earliest_start_time": 147,
            "latest_end_time": 287,
            "duration": 6,
            "power_consumption": 275.66,
            "resource_usage": [
                403,
                1690,
                1309
            ]
        },
        {
            "id": 32,
            "earliest_start_time": 50,
            "latest_end_time": 287,
            "duration": 8,
            "power_consumption": 421.95,
            "resource_usage": [
                1353,
                306,
                272
            ]
        },
        {
            "id": 33,
            "earliest_start_time": 2,
            "latest_end_time": 146,
            "duration": 51,
            "power_consumption": 5.67,
            "resource_usage": [
                10,
                10,
                52
            ]
        },
        {
            "id": 34,
            "earliest_start_time": 248,
            "latest_end_time": 287,
            "duration": 27,
            "power_consumption": 28.46,
            "resource_usage": [
                61,
                150,
                36
            ]
        },
        {
            "id": 35,
            "earliest_start_time": 57,
            "latest_end_time": 288,
            "duration": 55,
            "power_consumption": 68.66,
            "resource_usage": [
                224,
                38,
                35
            ]
        },
        {
            "id": 36,
            "earliest_start_time": 8,
            "latest_end_time": 238,
            "duration": 11,
            "power_consumption": 147.84,
            "resource_usage": [
                482,
                81,
                79
            ]
        },
        {
            "id": 37,
            "earliest_start_time": 35,
            "latest_end_time": 122,
            "duration": 53,
            "power_consumption": 251.3,
            "resource_usage": [
                817,
                146,
                138
            ]
        },
        {
            "id": 38,
            "earliest_start_time": 0,
            "latest_end_time": 252,
            "duration": 19,
            "power_consumption": 253.24,
            "resource_usage": [
                609,
                1074,
                249
            ]
        },
        {
            "id": 39,
            "earliest_start_time": 24,
            "latest_end_time": 287,
            "duration": 128,
            "power_consumption": 103.25,
            "resource_usage": [
                192,
                667,
                152
            ]
        },
        {
            "id": 40,
            "earliest_start_time": 16,
            "latest_end_time": 117,
            "duration": 6,
            "power_consumption": 39.89,
            "resource_usage": [
                130,
                21,
                23
            ]
        },
        {
            "id": 41,
            "earliest_start_time": 122,
            "latest_end_time": 288,
            "duration": 64,
            "power_consumption": 68.7,
            "resource_usage": [
                118,
                116,
                661
            ]
        },
        {
            "id": 42,
            "earliest_start_time": 14,
            "latest_end_time": 147,
            "duration": 15,
            "power_consumption": 21.09,
            "resource_usage": [
                35,
                36,
                211
            ]
        },
        {
            "id": 43,
            "earliest_start_time": 165,
            "latest_end_time": 288,
            "duration": 110,
            "power_consumption": 61.83,
            "resource_usage": [
                99,
                112,
                634
            ]
        },
        {
            "id": 44,
            "earliest_start_time": 134,
            "latest_end_time": 261,
            "duration": 3,
            "power_consumption": 177.08,
            "resource_usage": [
                502,
                401,
                166
            ]
        },
        {
            "id": 45,
            "earliest_start_time": 64,
            "latest_end_time": 178,
            "duration": 80,
            "power_consumption": 156.21,
            "resource_usage": [
                250,
                1198,
                230
            ]
        },
        {
            "id": 46,
            "earliest_start_time": 236,
            "latest_end_time": 287,
            "duration": 41,
            "power_consumption": 76.91,
            "resource_usage": [
                141,
                135,
                670
            ]
        },
        {
            "id": 47,
            "earliest_start_time": 40,
            "latest_end_time": 186,
            "duration": 17,
            "power_consumption": 54.02,
            "resource_usage": [
                82,
                426,
                93
            ]
        },
        {
            "id": 48,
            "earliest_start_time": 156,
            "latest_end_time": 288,
            "duration": 25,
            "power_consumption": 75.07,
            "resource_usage": [
                124,
                192,
                659
            ]
        },
        {
            "id": 49,
            "earliest_start_time": 201,
            "latest_end_time": 246,
            "duration": 3,
            "power_consumption": 146.1,
            "resource_usage": [
                475,
                83,
                83
            ]
        },
        {
            "id": 50,
            "earliest_start_time": 1,
            "latest_end_time": 124,
            "duration": 30,
            "power_consumption": 401.52,
            "resource_usage": [
                1308,
                208,
                240
            ]
        },
        {
            "id": 51,
            "earliest_start_time": 251,
            "latest_end_time": 282,
            "duration": 3,
            "power_consumption": 68.74,
            "resource_usage": [
                113,
                198,
                574
            ]
        },
        {
            "id": 52,
            "earliest_start_time": 28,
            "latest_end_time": 287,
            "duration": 134,
            "power_consumption": 109.29,
            "resource_usage": [
                171,
                847,
                175
            ]
        },
        {
            "id": 53,
            "earliest_start_time": 12,
            "latest_end_time": 61,
            "duration": 4,
            "power_consumption": 278.68,
            "resource_usage": [
                414,
                1470,
                1635
            ]
        },
        {
            "id": 54,
            "earliest_start_time": 123,
            "latest_end_time": 226,
            "duration": 25,
            "power_consumption": 172.43,
            "resource_usage": [
                383,
                848,
                216
            ]
        },
        {
            "id": 55,
            "earliest_start_time": 147,
            "latest_end_time": 275,
            "duration": 11,
            "power_consumption": 748.03,
            "resource_usage": [
                2116,
                1766,
                625
            ]
        },
        {
            "id": 56,
            "earliest_start_time": 9,
            "latest_end_time": 260,
            "duration": 108,
            "power_consumption": 118.54,
            "resource_usage": [
                206,
                222,
                1091
            ]
        },
        {
            "id": 57,
            "earliest_start_time": 47,
            "latest_end_time": 177,
            "duration": 39,
            "power_consumption": 675.11,
            "resource_usage": [
                1989,
                1252,
                522
            ]
        },
        {
            "id": 58,
            "earliest_start_time": 67,
            "latest_end_time": 239,
            "duration": 92,
            "power_consumption": 27.36,
            "resource_usage": [
                42,
                219,
                39
            ]
        },
        {
            "id": 59,
            "earliest_start_time": 43,
            "latest_end_time": 198,
            "duration": 40,
            "power_consumption": 128.15,
            "resource_usage": [
                411,
                87,
                91
            ]
        },
        {
            "id": 60,
            "earliest_start_time": 71,
            "latest_end_time": 194,
            "duration": 43,
            "power_consumption": 32.72,
            "resource_usage": [
                59,
                56,
                294
            ]
        },
        {
            "id": 61,
            "earliest_start_time": 26,
            "latest_end_time": 211,
            "duration": 45,
            "power_consumption": 172.51,
            "resource_usage": [
                464,
                522,
                140
            ]
        },
        {
            "id": 62,
            "earliest_start_time": 117,
            "latest_end_time": 287,
            "duration": 1,
            "power_consumption": 29.32,
            "resource_usage": [
                52,
                52,
                267
            ]
        },
        {
            "id": 63,
            "earliest_start_time": 22,
            "latest_end_time": 133,
            "duration": 6,
            "power_consumption": 111.28,
            "resource_usage": [
                331,
                197,
                78
            ]
        },
        {
            "id": 64,
            "earliest_start_time": 110,
            "latest_end_time": 257,
            "duration": 4,
            "power_consumption": 74.12,
            "resource_usage": [
                139,
                130,
                624
            ]
        },
        {
            "id": 65,
            "earliest_start_time": 29,
            "latest_end_time": 151,
            "duration": 7,
            "power_consumption": 55.34,
            "resource_usage": [
                179,
                38,
                28
            ]
        },
        {
            "id": 66,
            "earliest_start_time": 25,
            "latest_end_time": 116,
            "duration": 33,
            "power_consumption": 46.98,
            "resource_usage": [
                154,
                22,
                25
            ]
        },
        {
            "id": 67,
            "earliest_start_time": 54,
            "latest_end_time": 206,
            "duration": 44,
            "power_consumption": 154.06,
            "resource_usage": [
                268,
                446,
                1180
            ]
        },
        {
            "id": 68,
            "earliest_start_time": 4,
            "latest_end_time": 184,
            "duration": 67,
            "power_consumption": 39.68,
            "resource_usage": [
                130,
                19,
                21
            ]
        },
        {
            "id": 69,
            "earliest_start_time": 66,
            "latest_end_time": 256,
            "duration": 88,
            "power_consumption": 61.23,
            "resource_usage": [
                92,
                499,
                88
            ]
        },
        {
            "id": 70,
            "earliest_start_time": 160,
            "latest_end_time": 288,
            "duration": 14,
            "power_consumption": 127.82,
            "resource_usage": [
                209,
                701,
                576
            ]
        },
        {
            "id": 71,
            "earliest_start_time": 67,
            "latest_end_time": 253,
            "duration": 4,
            "power_consumption": 68.8,
            "resource_usage": [
                104,
                559,
                97
            ]
        },
        {
            "id": 72,
            "earliest_start_time": 71,
            "latest_end_time": 274,
            "duration": 14,
            "power_consumption": 28.7,
            "resource_usage": [
                39,
                254,
                40
            ]
        },
        {
            "id": 73,
            "earliest_start_time": 14,
            "latest_end_time": 287,
            "duration": 15,
            "power_consumption": 563.59,
            "resource_usage": [
                1673,
                1041,
                354
            ]
        },
        {
            "id": 74,
            "earliest_start_time": 87,
            "latest_end_time": 287,
            "duration": 24,
            "power_consumption": 39.91,
            "resource_usage": [
                63,
                60,
                434
            ]
        },
        {
            "id": 75,
            "earliest_start_time": 49,
            "latest_end_time": 269,
            "duration": 81,
            "power_consumption": 143.72,
            "resource_usage": [
                467,
                86,
                77
            ]
        },
        {
            "id": 76,
            "earliest_start_time": 0,
            "latest_end_time": 208,
            "duration": 17,
            "power_consumption": 74.03,
            "resource_usage": [
                103,
                620,
                139
            ]
        },
        {
            "id": 77,
            "earliest_start_time": 128,
            "latest_end_time": 279,
            "duration": 115,
            "power_consumption": 137.09,
            "resource_usage": [
                224,
                619,
                818
            ]
        },
        {
            "id": 78,
            "earliest_start_time": 20,
            "latest_end_time": 146,
            "duration": 47,
            "power_consumption": 50.05,
            "resource_usage": [
                91,
                80,
                453
            ]
        },
        {
            "id": 79,
            "earliest_start_time": 29,
            "latest_end_time": 161,
            "duration": 8,
            "power_consumption": 148.38,
            "resource_usage": [
                224,
                927,
                629
            ]
        },
        {
            "id": 80,
            "earliest_start_time": 95,
            "latest_end_time": 281,
            "duration": 125,
            "power_consumption": 494.56,
            "resource_usage": [
                1541,
                529,
                377
            ]
        },
        {
            "id": 81,
            "earliest_start_time": 144,
            "latest_end_time": 191,
            "duration": 7,
            "power_consumption": 53.85,
            "resource_usage": [
                78,
                454,
                75
            ]
        },
        {
            "id": 82,
            "earliest_start_time": 42,
            "latest_end_time": 286,
            "duration": 4,
            "power_consumption": 31.78,
            "resource_usage": [
                53,
                57,
                312
            ]
        },
        {
            "id": 83,
            "earliest_start_time": 0,
            "latest_end_time": 217,
            "duration": 1,
            "power_consumption": 159.34,
            "resource_usage": [
                276,
                233,
                1571
            ]
        },
        {
            "id": 84,
            "earliest_start_time": 186,
            "latest_end_time": 251,
            "duration": 22,
            "power_consumption": 81.23,
            "resource_usage": [
                263,
                48,
                51
            ]
        },
        {
            "id": 85,
            "earliest_start_time": 213,
            "latest_end_time": 279,
            "duration": 25,
            "power_consumption": 182.68,
            "resource_usage": [
                270,
                1504,
                271
            ]
        },
        {
            "id": 86,
            "earliest_start_time": 14,
            "latest_end_time": 270,
            "duration": 82,
            "power_consumption": 43.18,
            "resource_usage": [
                91,
                234,
                56
            ]
        },
        {
            "id": 87,
            "earliest_start_time": 0,
            "latest_end_time": 240,
            "duration": 29,
            "power_consumption": 465.79,
            "resource_usage": [
                1512,
                286,
                249
            ]
        },
        {
            "id": 88,
            "earliest_start_time": 2,
            "latest_end_time": 143,
            "duration": 70,
            "power_consumption": 91.32,
            "resource_usage": [
                143,
                596,
                313
            ]
        },
        {
            "id": 89,
            "earliest_start_time": 16,
            "latest_end_time": 259,
            "duration": 31,
            "power_consumption": 190.19,
            "resource_usage": [
                308,
                421,
                1811
            ]
        },
        {
            "id": 90,
            "earliest_start_time": 31,
            "latest_end_time": 246,
            "duration": 18,
            "power_consumption": 17.47,
            "resource_usage": [
                30,
                33,
                163
            ]
        },
        {
            "id": 91,
            "earliest_start_time": 229,
            "latest_end_time": 288,
            "duration": 40,
            "power_consumption": 2.87,
            "resource_usage": [
                5,
                5,
                27
            ]
        },
        {
            "id": 92,
            "earliest_start_time": 67,
            "latest_end_time": 287,
            "duration": 15,
            "power_consumption": 698.42,
            "resource_usage": [
                1860,
                1825,
                1129
            ]
        },
        {
            "id": 93,
            "earliest_start_time": 0,
            "latest_end_time": 127,
            "duration": 27,
            "power_consumption": 42.83,
            "resource_usage": [
                140,
                23,
                21
            ]
        },
        {
            "id": 94,
            "earliest_start_time": 37,
            "latest_end_time": 237,
            "duration": 6,
            "power_consumption": 111.07,
            "resource_usage": [
                179,
                485,
                705
            ]
        },
        {
            "id": 95,
            "earliest_start_time": 30,
            "latest_end_time": 183,
            "duration": 52,
            "power_consumption": 132.93,
            "resource_usage": [
                198,
                904,
                472
            ]
        },
        {
            "id": 96,
            "earliest_start_time": 1,
            "latest_end_time": 232,
            "duration": 17,
            "power_consumption": 344.55,
            "resource_usage": [
                1118,
                191,
                218
            ]
        },
        {
            "id": 97,
            "earliest_start_time": 7,
            "latest_end_time": 175,
            "duration": 78,
            "power_consumption": 34.25,
            "resource_usage": [
                111,
                20,
                21
            ]
        },
        {
            "id": 98,
            "earliest_start_time": 65,
            "latest_end_time": 226,
            "duration": 16,
            "power_consumption": 3.58,
            "resource_usage": [
                5,
                31,
                5
            ]
        },
        {
            "id": 99,
            "earliest_start_time": 45,
            "latest_end_time": 286,
            "duration": 129,
            "power_consumption": 119.88,
            "resource_usage": [
                185,
                927,
                213
            ]
        },
        {
            "id": 100,
            "earliest_start_time": 9,
            "latest_end_time": 242,
            "duration": 112,
            "power_consumption": 41.24,
            "resource_usage": [
                74,
                64,
                383
            ]
        },
        {
            "id": 101,
            "earliest_start_time": 11,
            "latest_end_time": 207,
            "duration": 6,
            "power_consumption": 159.63,
            "resource_usage": [
                270,
                407,
                1359
            ]
        },
        {
            "id": 102,
            "earliest_start_time": 18,
            "latest_end_time": 280,
            "duration": 74,
            "power_consumption": 535.27,
            "resource_usage": [
                1741,
                316,
                281
            ]
        },
        {
            "id": 103,
            "earliest_start_time": 7,
            "latest_end_time": 223,
            "duration": 1,
            "power_consumption": 35.59,
            "resource_usage": [
                59,
                59,
                359
            ]
        },
        {
            "id": 104,
            "earliest_start_time": 52,
            "latest_end_time": 193,
            "duration": 70,
            "power_consumption": 197.91,
            "resource_usage": [
                646,
                104,
                107
            ]
        },
        {
            "id": 105,
            "earliest_start_time": 39,
            "latest_end_time": 256,
            "duration": 38,
            "power_consumption": 209.61,
            "resource_usage": [
                688,
                102,
                99
            ]
        },
        {
            "id": 106,
            "earliest_start_time": 82,
            "latest_end_time": 123,
            "duration": 21,
            "power_consumption": 174.5,
            "resource_usage": [
                308,
                380,
                1493
            ]
        },
        {
            "id": 107,
            "earliest_start_time": 48,
            "latest_end_time": 285,
            "duration": 48,
            "power_consumption": 51.43,
            "resource_usage": [
                88,
                91,
                491
            ]
        },
        {
            "id": 108,
            "earliest_start_time": 0,
            "latest_end_time": 230,
            "duration": 54,
            "power_consumption": 49.11,
            "resource_usage": [
                91,
                85,
                423
            ]
        },
        {
            "id": 109,
            "earliest_start_time": 205,
            "latest_end_time": 284,
            "duration": 9,
            "power_consumption": 26.72,
            "resource_usage": [
                40,
                216,
                42
            ]
        },
        {
            "id": 110,
            "earliest_start_time": 14,
            "latest_end_time": 213,
            "duration": 6,
            "power_consumption": 122.78,
            "resource_usage": [
                194,
                957,
                175
            ]
        },
        {
            "id": 111,
            "earliest_start_time": 29,
            "latest_end_time": 182,
            "duration": 31,
            "power_consumption": 36.69,
            "resource_usage": [
                57,
                66,
                389
            ]
        },
        {
            "id": 112,
            "earliest_start_time": 15,
            "latest_end_time": 257,
            "duration": 34,
            "power_consumption": 35.61,
            "resource_usage": [
                57,
                272,
                54
            ]
        },
        {
            "id": 113,
            "earliest_start_time": 3,
            "latest_end_time": 165,
            "duration": 48,
            "power_consumption": 67.21,
            "resource_usage": [
                216,
                44,
                47
            ]
        },
        {
            "id": 114,
            "earliest_start_time": 159,
            "latest_end_time": 254,
            "duration": 38,
            "power_consumption": 400.98,
            "resource_usage": [
                1107,
                1088,
                314
            ]
        },
        {
            "id": 115,
            "earliest_start_time": 118,
            "latest_end_time": 275,
            "duration": 48,
            "power_consumption": 46.47,
            "resource_usage": [
                153,
                21,
                21
            ]
        },
        {
            "id": 116,
            "earliest_start_time": 208,
            "latest_end_time": 287,
            "duration": 65,
            "power_consumption": 156.11,
            "resource_usage": [
                505,
                101,
                88
            ]
        },
        {
            "id": 117,
            "earliest_start_time": 0,
            "latest_end_time": 232,
            "duration": 43,
            "power_consumption": 555.56,
            "resource_usage": [
                1658,
                969,
                373
            ]
        },
        {
            "id": 118,
            "earliest_start_time": 1,
            "latest_end_time": 92,
            "duration": 57,
            "power_consumption": 25.52,
            "resource_usage": [
                41,
                194,
                39
            ]
        },
        {
            "id": 119,
            "earliest_start_time": 15,
            "latest_end_time": 201,
            "duration": 9,
            "power_consumption": 22.58,
            "resource_usage": [
                39,
                42,
                210
            ]
        },
        {
            "id": 120,
            "earliest_start_time": 16,
            "latest_end_time": 227,
            "duration": 101,
            "power_consumption": 101.25,
            "resource_usage": [
                297,
                192,
                81
            ]
        },
        {
            "id": 121,
            "earliest_start_time": 85,
            "latest_end_time": 210,
            "duration": 37,
            "power_consumption": 188.56,
            "resource_usage": [
                269,
                1316,
                702
            ]
        },
        {
            "id": 122,
            "earliest_start_time": 249,
            "latest_end_time": 287,
            "duration": 32,
            "power_consumption": 90.54,
            "resource_usage": [
                163,
                158,
                811
            ]
        },
        {
            "id": 123,
            "earliest_start_time": 124,
            "latest_end_time": 287,
            "duration": 105,
            "power_consumption": 130.45,
            "resource_usage": [
                232,
                308,
                1068
            ]
        },
        {
            "id": 124,
            "earliest_start_time": 31,
            "latest_end_time": 185,
            "duration": 50,
            "power_consumption": 38.2,
            "resource_usage": [
                65,
                75,
                356
            ]
        },
        {
            "id": 125,
            "earliest_start_time": 228,
            "latest_end_time": 276,
            "duration": 33,
            "power_consumption": 299.13,
            "resource_usage": [
                878,
                569,
                233
            ]
        },
        {
            "id": 126,
            "earliest_start_time": 120,
            "latest_end_time": 225,
            "duration": 14,
            "power_consumption": 54.47,
            "resource_usage": [
                79,
                454,
                83
            ]
        },
        {
            "id": 127,
            "earliest_start_time": 31,
            "latest_end_time": 213,
            "duration": 22,
            "power_consumption": 466.2,
            "resource_usage": [
                1518,
                260,
                256
            ]
        },
        {
            "id": 128,
            "earliest_start_time": 67,
            "latest_end_time": 264,
            "duration": 47,
            "power_consumption": 17.16,
            "resource_usage": [
                33,
                28,
                142
            ]
        },
        {
            "id": 129,
            "earliest_start_time": 101,
            "latest_end_time": 257,
            "duration": 67,
            "power_consumption": 2.71,
            "resource_usage": [
                5,
                5,
                23
            ]
        },
        {
            "id": 130,
            "earliest_start_time": 3,
            "latest_end_time": 286,
            "duration": 39,
            "power_consumption": 17.54,
            "resource_usage": [
                25,
                150,
                24
            ]
        },
        {
            "id": 131,
            "earliest_start_time": 98,
            "latest_end_time": 212,
            "duration": 48,
            "power_consumption": 244.56,
            "resource_usage": [
                795,
                136,
                144
            ]
        },
        {
            "id": 132,
            "earliest_start_time": 29,
            "latest_end_time": 120,
            "duration": 15,
            "power_consumption": 283.81,
            "resource_usage": [
                475,
                1302,
                1584
            ]
        },
        {
            "id": 133,
            "earliest_start_time": 2,
            "latest_end_time": 257,
            "duration": 25,
            "power_consumption": 53.6,
            "resource_usage": [
                174,
                32,
                30
            ]
        },
        {
            "id": 134,
            "earliest_start_time": 86,
            "latest_end_time": 242,
            "duration": 9,
            "power_consumption": 105.09,
            "resource_usage": [
                199,
                668,
                146
            ]
        },
        {
            "id": 135,
            "earliest_start_time": 5,
            "latest_end_time": 202,
            "duration": 132,
            "power_consumption": 13.81,
            "resource_usage": [
                25,
                26,
                120
            ]
        },
        {
            "id": 136,
            "earliest_start_time": 126,
            "latest_end_time": 266,
            "duration": 38,
            "power_consumption": 272.68,
            "resource_usage": [
                887,
                156,
                150
            ]
        },
        {
            "id": 137,
            "earliest_start_time": 37,
            "latest_end_time": 142,
            "duration": 8,
            "power_consumption": 93.43,
            "resource_usage": [
                301,
                62,
                59
            ]
        },
        {
            "id": 138,
            "earliest_start_time": 174,
            "latest_end_time": 282,
            "duration": 18,
            "power_consumption": 108.69,
            "resource_usage": [
                354,
                58,
                63
            ]
        },
        {
            "id": 139,
            "earliest_start_time": 60,
            "latest_end_time": 207,
            "duration": 92,
            "power_consumption": 181.36,
            "resource_usage": [
                594,
                88,
                95
            ]
        },
        {
            "id": 140,
            "earliest_start_time": 145,
            "latest_end_time": 281,
            "duration": 3,
            "power_consumption": 188.33,
            "resource_usage": [
                277,
                1581,
                243
            ]
        },
        {
            "id": 141,
            "earliest_start_time": 34,
            "latest_end_time": 153,
            "duration": 23,
            "power_consumption": 334.5,
            "resource_usage": [
                552,
                1647,
                1753
            ]
        },
        {
            "id": 142,
            "earliest_start_time": 28,
            "latest_end_time": 236,
            "duration": 28,
            "power_consumption": 251.07,
            "resource_usage": [
                807,
                169,
                168
            ]
        },
        {
            "id": 143,
            "earliest_start_time": 26,
            "latest_end_time": 233,
            "duration": 16,
            "power_consumption": 59.99,
            "resource_usage": [
                191,
                47,
                43
            ]
        },
        {
            "id": 144,
            "earliest_start_time": 0,
            "latest_end_time": 243,
            "duration": 18,
            "power_consumption": 36.27,
            "resource_usage": [
                54,
                294,
                58
            ]
        },
        {
            "id": 145,
            "earliest_start_time": 97,
            "latest_end_time": 224,
            "duration": 36,
            "power_consumption": 189.98,
            "resource_usage": [
                314,
                1151,
                669
            ]
        },
        {
            "id": 146,
            "earliest_start_time": 36,
            "latest_end_time": 277,
            "duration": 74,
            "power_consumption": 136.9,
            "resource_usage": [
                192,
                1170,
                211
            ]
        },
        {
            "id": 147,
            "earliest_start_time": 14,
            "latest_end_time": 287,
            "duration": 13,
            "power_consumption": 132.97,
            "resource_usage": [
                431,
                80,
                78
            ]
        },
        {
            "id": 148,
            "earliest_start_time": 10,
            "latest_end_time": 288,
            "duration": 72,
            "power_consumption": 213.64,
            "resource_usage": [
                690,
                127,
                145
            ]
        },
        {
            "id": 149,
            "earliest_start_time": 38,
            "latest_end_time": 68,
            "duration": 1,
            "power_consumption": 260.88,
            "resource_usage": [
                413,
                1257,
                1531
            ]
        },
        {
            "id": 150,
            "earliest_start_time": 33,
            "latest_end_time": 154,
            "duration": 2,
            "power_consumption": 43.92,
            "resource_usage": [
                145,
                18,
                20
            ]
        },
        {
            "id": 151,
            "earliest_start_time": 156,
            "latest_end_time": 196,
            "duration": 24,
            "power_consumption": 148.05,
            "resource_usage": [
                427,
                321,
                109
            ]
        },
        {
            "id": 152,
            "earliest_start_time": 4,
            "latest_end_time": 146,
            "duration": 38,
            "power_consumption": 72.13,
            "resource_usage": [
                108,
                564,
                142
            ]
        },
        {
            "id": 153,
            "earliest_start_time": 4,
            "latest_end_time": 115,
            "duration": 23,
            "power_consumption": 109.23,
            "resource_usage": [
                320,
                214,
                80
            ]
        },
        {
            "id": 154,
            "earliest_start_time": 72,
            "latest_end_time": 266,
            "duration": 56,
            "power_consumption": 3.39,
            "resource_usage": [
                11,
                2,
                2
            ]
        },
        {
            "id": 155,
            "earliest_start_time": 27,
            "latest_end_time": 279,
            "duration": 31,
            "power_consumption": 19.79,
            "resource_usage": [
                27,
                177,
                24
            ]
        },
        {
            "id": 156,
            "earliest_start_time": 12,
            "latest_end_time": 61,
            "duration": 34,
            "power_consumption": 38.38,
            "resource_usage": [
                60,
                298,
                61
            ]
        },
        {
            "id": 157,
            "earliest_start_time": 69,
            "latest_end_time": 251,
            "duration": 9,
            "power_consumption": 105.53,
            "resource_usage": [
                155,
                869,
                163
            ]
        },
        {
            "id": 158,
            "earliest_start_time": 24,
            "latest_end_time": 288,
            "duration": 10,
            "power_consumption": 417.13,
            "resource_usage": [
                1340,
                315,
                233
            ]
        },
        {
            "id": 159,
            "earliest_start_time": 4,
            "latest_end_time": 179,
            "duration": 35,
            "power_consumption": 195.55,
            "resource_usage": [
                348,
                388,
                1710
            ]
        },
        {
            "id": 160,
            "earliest_start_time": 6,
            "latest_end_time": 284,
            "duration": 80,
            "power_consumption": 32.47,
            "resource_usage": [
                55,
                52,
                322
            ]
        },
        {
            "id": 161,
            "earliest_start_time": 71,
            "latest_end_time": 233,
            "duration": 15,
            "power_consumption": 1.63,
            "resource_usage": [
                3,
                3,
                14
            ]
        },
        {
            "id": 162,
            "earliest_start_time": 70,
            "latest_end_time": 126,
            "duration": 38,
            "power_consumption": 358.9,
            "resource_usage": [
                1160,
                231,
                211
            ]
        },
        {
            "id": 163,
            "earliest_start_time": 64,
            "latest_end_time": 180,
            "duration": 48,
            "power_consumption": 101.02,
            "resource_usage": [
                327,
                65,
                56
            ]
        },
        {
            "id": 164,
            "earliest_start_time": 3,
            "latest_end_time": 158,
            "duration": 45,
            "power_consumption": 265.28,
            "resource_usage": [
                868,
                138,
                131
            ]
        },
        {
            "id": 165,
            "earliest_start_time": 141,
            "latest_end_time": 288,
            "duration": 92,
            "power_consumption": 82.84,
            "resource_usage": [
                268,
                48,
                55
            ]
        },
        {
            "id": 166,
            "earliest_start_time": 4,
            "latest_end_time": 157,
            "duration": 105,
            "power_consumption": 5.19,
            "resource_usage": [
                9,
                9,
                49
            ]
        },
        {
            "id": 167,
            "earliest_start_time": 32,
            "latest_end_time": 196,
            "duration": 1,
            "power_consumption": 92.52,
            "resource_usage": [
                160,
                248,
                745
            ]
        },
        {
            "id": 168,
            "earliest_start_time": 1,
            "latest_end_time": 196,
            "duration": 88,
            "power_consumption": 14.77,
            "resource_usage": [
                28,
                28,
                119
            ]
        },
        {
            "id": 169,
            "earliest_start_time": 21,
            "latest_end_time": 277,
            "duration": 125,
            "power_consumption": 141.99,
            "resource_usage": [
                462,
                80,
                79
            ]
        },
        {
            "id": 170,
            "earliest_start_time": 228,
            "latest_end_time": 287,
            "duration": 15,
            "power_consumption": 97.11,
            "resource_usage": [
                140,
                812,
                150
            ]
        },
        {
            "id": 171,
            "earliest_start_time": 0,
            "latest_end_time": 237,
            "duration": 34,
            "power_consumption": 89.25,
            "resource_usage": [
                127,
                730,
                174
            ]
        },
        {
            "id": 172,
            "earliest_start_time": 43,
            "latest_end_time": 266,
            "duration": 12,
            "power_consumption": 75.23,
            "resource_usage": [
                126,
                146,
                718
            ]
        },
        {
            "id": 173,
            "earliest_start_time": 164,
            "latest_end_time": 285,
            "duration": 28,
            "power_consumption": 85.84,
            "resource_usage": [
                147,
                139,
                838
            ]
        },
        {
            "id": 174,
            "earliest_start_time": 101,
            "latest_end_time": 283,
            "duration": 1,
            "power_consumption": 135.0,
            "resource_usage": [
                441,
                70,
                72
            ]
        },
        {
            "id": 175,
            "earliest_start_time": 36,
            "latest_end_time": 258,
            "duration": 34,
            "power_consumption": 21.65,
            "resource_usage": [
                39,
                33,
                201
            ]
        },
        {
            "id": 176,
            "earliest_start_time": 50,
            "latest_end_time": 138,
            "duration": 2,
            "power_consumption": 298.8,
            "resource_usage": [
                970,
                169,
                181
            ]
        },
        {
            "id": 177,
            "earliest_start_time": 12,
            "latest_end_time": 258,
            "duration": 72,
            "power_consumption": 112.75,
            "resource_usage": [
                188,
                496,
                666
            ]
        },
        {
            "id": 178,
            "earliest_start_time": 62,
            "latest_end_time": 254,
            "duration": 15,
            "power_consumption": 605.32,
            "resource_usage": [
                1793,
                1109,
                421
            ]
        },
        {
            "id": 179,
            "earliest_start_time": 11,
            "latest_end_time": 251,
            "duration": 41,
            "power_consumption": 168.54,
            "resource_usage": [
                297,
                518,
                1219
            ]
        },
        {
            "id": 180,
            "earliest_start_time": 14,
            "latest_end_time": 248,
            "duration": 6,
            "power_consumption": 13.81,
            "resource_usage": [
                24,
                26,
                127
            ]
        },
        {
            "id": 181,
            "earliest_start_time": 22,
            "latest_end_time": 224,
            "duration": 30,
            "power_consumption": 59.56,
            "resource_usage": [
                104,
                104,
                556
            ]
        },
        {
            "id": 182,
            "earliest_start_time": 13,
            "latest_end_time": 232,
            "duration": 48,
            "power_consumption": 73.48,
            "resource_usage": [
                236,
                49,
                51
            ]
        },
        {
            "id": 183,
            "earliest_start_time": 39,
            "latest_end_time": 272,
            "duration": 9,
            "power_consumption": 188.99,
            "resource_usage": [
                457,
                785,
                193
            ]
        },
        {
            "id": 184,
            "earliest_start_time": 134,
            "latest_end_time": 276,
            "duration": 34,
            "power_consumption": 67.23,
            "resource_usage": [
                100,
                559,
                87
            ]
        },
        {
            "id": 185,
            "earliest_start_time": 14,
            "latest_end_time": 271,
            "duration": 22,
            "power_consumption": 120.77,
            "resource_usage": [
                175,
                1002,
                192
            ]
        },
        {
            "id": 186,
            "earliest_start_time": 2,
            "latest_end_time": 256,
            "duration": 31,
            "power_consumption": 374.43,
            "resource_usage": [
                1214,
                214,
                234
            ]
        },
        {
            "id": 187,
            "earliest_start_time": 237,
            "latest_end_time": 287,
            "duration": 10,
            "power_consumption": 28.21,
            "resource_usage": [
                44,
                220,
                44
            ]
        },
        {
            "id": 188,
            "earliest_start_time": 126,
            "latest_end_time": 282,
            "duration": 1,
            "power_consumption": 202.0,
            "resource_usage": [
                583,
                442,
                140
            ]
        },
        {
            "id": 189,
            "earliest_start_time": 97,
            "latest_end_time": 274,
            "duration": 4,
            "power_consumption": 675.63,
            "resource_usage": [
                1817,
                1941,
                705
            ]
        },
        {
            "id": 190,
            "earliest_start_time": 11,
            "latest_end_time": 252,
            "duration": 34,
            "power_consumption": 114.44,
            "resource_usage": [
                341,
                200,
                80
            ]
        },
        {
            "id": 191,
            "earliest_start_time": 42,
            "latest_end_time": 262,
            "duration": 71,
            "power_consumption": 30.4,
            "resource_usage": [
                64,
                170,
                32
            ]
        },
        {
            "id": 192,
            "earliest_start_time": 36,
            "latest_end_time": 246,
            "duration": 83,
            "power_consumption": 8.79,
            "resource_usage": [
                16,
                15,
                78
            ]
        },
        {
            "id": 193,
            "earliest_start_time": 24,
            "latest_end_time": 172,
            "duration": 38,
            "power_consumption": 3.39,
            "resource_usage": [
                11,
                2,
                2
            ]
        },
        {
            "id": 194,
            "earliest_start_time": 155,
            "latest_end_time": 248,
            "duration": 31,
            "power_consumption": 193.27,
            "resource_usage": [
                629,
                102,
                117
            ]
        },
        {
            "id": 195,
            "earliest_start_time": 0,
            "latest_end_time": 160,
            "duration": 13,
            "power_consumption": 120.05,
            "resource_usage": [
                180,
                981,
                171
            ]
        },
        {
            "id": 196,
            "earliest_start_time": 8,
            "latest_end_time": 246,
            "duration": 58,
            "power_consumption": 265.14,
            "resource_usage": [
                636,
                1117,
                283
            ]
        },
        {
            "id": 197,
            "earliest_start_time": 63,
            "latest_end_time": 207,
            "duration": 3,
            "power_consumption": 213.44,
            "resource_usage": [
                350,
                1625,
                273
            ]
        },
        {
            "id": 198,
            "earliest_start_time": 30,
            "latest_end_time": 254,
            "duration": 40,
            "power_consumption": 50.67,
            "resource_usage": [
                69,
                442,
                79
            ]
        },
        {
            "id": 199,
            "earliest_start_time": 53,
            "latest_end_time": 288,
            "duration": 5,
            "power_consumption": 30.75,
            "resource_usage": [
                52,
                59,
                291
            ]
        },
        {
            "id": 200,
            "earliest_start_time": 32,
            "latest_end_time": 239,
            "duration": 28,
            "power_consumption": 51.49,
            "resource_usage": [
                87,
                90,
                501
            ]
        },
        {
            "id": 201,
            "earliest_start_time": 35,
            "latest_end_time": 189,
            "duration": 37,
            "power_consumption": 150.82,
            "resource_usage": [
                489,
                91,
                87
            ]
        },
        {
            "id": 202,
            "earliest_start_time": 139,
            "latest_end_time": 218,
            "duration": 36,
            "power_consumption": 36.19,
            "resource_usage": [
                53,
                304,
                48
            ]
        },
        {
            "id": 203,
            "earliest_start_time": 6,
            "latest_end_time": 146,
            "duration": 75,
            "power_consumption": 58.28,
            "resource_usage": [
                107,
                102,
                507
            ]
        },
        {
            "id": 204,
            "earliest_start_time": 12,
            "latest_end_time": 146,
            "duration": 21,
            "power_consumption": 162.79,
            "resource_usage": [
                482,
                302,
                109
            ]
        },
        {
            "id": 205,
            "earliest_start_time": 81,
            "latest_end_time": 280,
            "duration": 5,
            "power_consumption": 6.99,
            "resource_usage": [
                13,
                12,
                60
            ]
        },
        {
            "id": 206,
            "earliest_start_time": 85,
            "latest_end_time": 280,
            "duration": 36,
            "power_consumption": 22.04,
            "resource_usage": [
                37,
                38,
                217
            ]
        },
        {
            "id": 207,
            "earliest_start_time": 5,
            "latest_end_time": 66,
            "duration": 9,
            "power_consumption": 115.1,
            "resource_usage": [
                176,
                906,
                192
            ]
        },
        {
            "id": 208,
            "earliest_start_time": 122,
            "latest_end_time": 242,
            "duration": 14,
            "power_consumption": 54.12,
            "resource_usage": [
                86,
                89,
                573
            ]
        },
        {
            "id": 209,
            "earliest_start_time": 122,
            "latest_end_time": 261,
            "duration": 18,
            "power_consumption": 20.35,
            "resource_usage": [
                34,
                36,
                200
            ]
        },
        {
            "id": 210,
            "earliest_start_time": 122,
            "latest_end_time": 201,
            "duration": 3,
            "power_consumption": 1.59,
            "resource_usage": [
                3,
                3,
                13
            ]
        },
        {
            "id": 211,
            "earliest_start_time": 250,
            "latest_end_time": 288,
            "duration": 10,
            "power_consumption": 471.91,
            "resource_usage": [
                1154,
                1870,
                527
            ]
        },
        {
            "id": 212,
            "earliest_start_time": 22,
            "latest_end_time": 231,
            "duration": 61,
            "power_consumption": 338.86,
            "resource_usage": [
                1102,
                200,
                179
            ]
        },
        {
            "id": 213,
            "earliest_start_time": 226,
            "latest_end_time": 276,
            "duration": 18,
            "power_consumption": 98.27,
            "resource_usage": [
                149,
                792,
                145
            ]
        },
        {
            "id": 214,
            "earliest_start_time": 41,
            "latest_end_time": 268,
            "duration": 5,
            "power_consumption": 177.04,
            "resource_usage": [
                464,
                585,
                155
            ]
        },
        {
            "id": 215,
            "earliest_start_time": 74,
            "latest_end_time": 272,
            "duration": 8,
            "power_consumption": 132.62,
            "resource_usage": [
                428,
                83,
                86
            ]
        },
        {
            "id": 216,
            "earliest_start_time": 58,
            "latest_end_time": 229,
            "duration": 40,
            "power_consumption": 34.54,
            "resource_usage": [
                112,
                20,
                21
            ]
        },
        {
            "id": 217,
            "earliest_start_time": 0,
            "latest_end_time": 47,
            "duration": 31,
            "power_consumption": 334.87,
            "resource_usage": [
                515,
                1723,
                1907
            ]
        },
        {
            "id": 218,
            "earliest_start_time": 96,
            "latest_end_time": 273,
            "duration": 5,
            "power_consumption": 679.45,
            "resource_usage": [
                1749,
                2066,
                1086
            ]
        },
        {
            "id": 219,
            "earliest_start_time": 41,
            "latest_end_time": 244,
            "duration": 60,
            "power_consumption": 38.92,
            "resource_usage": [
                125,
                28,
                24
            ]
        },
        {
            "id": 220,
            "earliest_start_time": 7,
            "latest_end_time": 53,
            "duration": 8,
            "power_consumption": 473.63,
            "resource_usage": [
                1541,
                253,
                285
            ]
        },
        {
            "id": 221,
            "earliest_start_time": 263,
            "latest_end_time": 270,
            "duration": 2,
            "power_consumption": 6.64,
            "resource_usage": [
                13,
                11,
                53
            ]
        },
        {
            "id": 222,
            "earliest_start_time": 254,
            "latest_end_time": 287,
            "duration": 13,
            "power_consumption": 120.36,
            "resource_usage": [
                394,
                60,
                62
            ]
        },
        {
            "id": 223,
            "earliest_start_time": 53,
            "latest_end_time": 256,
            "duration": 45,
            "power_consumption": 142.26,
            "resource_usage": [
                462,
                81,
                84
            ]
        },
        {
            "id": 224,
            "earliest_start_time": 133,
            "latest_end_time": 251,
            "duration": 89,
            "power_consumption": 52.69,
            "resource_usage": [
                89,
                90,
                516
            ]
        },
        {
            "id": 225,
            "earliest_start_time": 86,
            "latest_end_time": 285,
            "duration": 54,
            "power_consumption": 88.9,
            "resource_usage": [
                151,
                159,
                854
            ]
        },
        {
            "id": 226,
            "earliest_start_time": 1,
            "latest_end_time": 48,
            "duration": 11,
            "power_consumption": 240.3,
            "resource_usage": [
                776,
                156,
                144
            ]
        },
        {
            "id": 227,
            "earliest_start_time": 209,
            "latest_end_time": 288,
            "duration": 13,
            "power_consumption": 454.19,
            "resource_usage": [
                1403,
                555,
                328
            ]
        },
        {
            "id": 228,
            "earliest_start_time": 146,
            "latest_end_time": 288,
            "duration": 105,
            "power_consumption": 37.68,
            "resource_usage": [
                65,
                68,
                354
            ]
        },
        {
            "id": 229,
            "earliest_start_time": 51,
            "latest_end_time": 288,
            "duration": 15,
            "power_consumption": 1.84,
            "resource_usage": [
                3,
                3,
                19
            ]
        },
        {
            "id": 230,
            "earliest_start_time": 72,
            "latest_end_time": 145,
            "duration": 41,
            "power_consumption": 38.44,
            "resource_usage": [
                125,
                23,
                20
            ]
        },
        {
            "id": 231,
            "earliest_start_time": 133,
            "latest_end_time": 261,
            "duration": 47,
            "power_consumption": 109.81,
            "resource_usage": [
                357,
                62,
                63
            ]
        },
        {
            "id": 232,
            "earliest_start_time": 153,
            "latest_end_time": 282,
            "duration": 75,
            "power_consumption": 41.3,
            "resource_usage": [
                68,
                71,
                416
            ]
        },
        {
            "id": 233,
            "earliest_start_time": 8,
            "latest_end_time": 178,
            "duration": 49,
            "power_consumption": 88.74,
            "resource_usage": [
                288,
                51,
                53
            ]
        },
        {
            "id": 234,
            "earliest_start_time": 119,
            "latest_end_time": 288,
            "duration": 6,
            "power_consumption": 146.02,
            "resource_usage": [
                249,
                245,
                1420
            ]
        },
        {
            "id": 235,
            "earliest_start_time": 39,
            "latest_end_time": 250,
            "duration": 70,
            "power_consumption": 118.16,
            "resource_usage": [
                387,
                56,
                64
            ]
        },
        {
            "id": 236,
            "earliest_start_time": 0,
            "latest_end_time": 85,
            "duration": 11,
            "power_consumption": 87.85,
            "resource_usage": [
                284,
                52,
                58
            ]
        },
        {
            "id": 237,
            "earliest_start_time": 3,
            "latest_end_time": 203,
            "duration": 70,
            "power_consumption": 116.36,
            "resource_usage": [
                189,
                875,
                178
            ]
        },
        {
            "id": 238,
            "earliest_start_time": 229,
            "latest_end_time": 288,
            "duration": 42,
            "power_consumption": 98.5,
            "resource_usage": [
                147,
                783,
                178
            ]
        },
        {
            "id": 239,
            "earliest_start_time": 41,
            "latest_end_time": 129,
            "duration": 8,
            "power_consumption": 41.42,
            "resource_usage": [
                134,
                27,
                23
            ]
        },
        {
            "id": 240,
            "earliest_start_time": 89,
            "latest_end_time": 215,
            "duration": 47,
            "power_consumption": 51.41,
            "resource_usage": [
                87,
                84,
                508
            ]
        },
        {
            "id": 241,
            "earliest_start_time": 154,
            "latest_end_time": 236,
            "duration": 7,
            "power_consumption": 129.15,
            "resource_usage": [
                194,
                1051,
                188
            ]
        },
        {
            "id": 242,
            "earliest_start_time": 32,
            "latest_end_time": 252,
            "duration": 45,
            "power_consumption": 179.07,
            "resource_usage": [
                579,
                109,
                113
            ]
        },
        {
            "id": 243,
            "earliest_start_time": 100,
            "latest_end_time": 287,
            "duration": 28,
            "power_consumption": 517.28,
            "resource_usage": [
                1683,
                276,
                312
            ]
        },
        {
            "id": 244,
            "earliest_start_time": 2,
            "latest_end_time": 94,
            "duration": 59,
            "power_consumption": 133.9,
            "resource_usage": [
                205,
                1087,
                172
            ]
        },
        {
            "id": 245,
            "earliest_start_time": 4,
            "latest_end_time": 226,
            "duration": 27,
            "power_consumption": 155.7,
            "resource_usage": [
                459,
                295,
                109
            ]
        },
        {
            "id": 246,
            "earliest_start_time": 41,
            "latest_end_time": 174,
            "duration": 3,
            "power_consumption": 177.64,
            "resource_usage": [
                302,
                356,
                1647
            ]
        },
        {
            "id": 247,
            "earliest_start_time": 240,
            "latest_end_time": 287,
            "duration": 6,
            "power_consumption": 77.78,
            "resource_usage": [
                125,
                121,
                824
            ]
        },
        {
            "id": 248,
            "earliest_start_time": 97,
            "latest_end_time": 281,
            "duration": 98,
            "power_consumption": 71.28,
            "resource_usage": [
                121,
                129,
                683
            ]
        },
        {
            "id": 249,
            "earliest_start_time": 8,
            "latest_end_time": 268,
            "duration": 4,
            "power_consumption": 48.72,
            "resource_usage": [
                86,
                88,
                444
            ]
        }
    ],
    "energy_prices": [
        0.04431,
        0.04431,
        0.04431,
        0.04431,
        0.04431,
        0.04431,
        0.04431,
        0.04431,
        0.04431,
        0.04431,
        0.04431,
        0.04431,
        0.04431,
        0.04431,
        0.04431,
        0.04431,
        0.04431,
        0.04431,
        0.0443,
        0.0443,
        0.0443,
        0.0443,
        0.0443,
        0.0443,
        0.04395,
        0.04395,
        0.04395,
        0.04395,
        0.04395,
        0.04395,
        0.04395,
        0.04395,
        0.04395,
        0.04395,
        0.04395,
        0.04395,
        0.04395,
        0.04395,
        0.04395,
        0.04395,
        0.04395,
        0.04395,
        0.04465,
        0.04465,
        0.04465,
        0.04465,
        0.04465,
        0.04465,
        0.04431,
        0.04431,
        0.04431,
        0.04431,
        0.04431,
        0.04431,
        0.04502,
        0.04502,
        0.04502,
        0.04502,
        0.04502,
        0.04502,
        0.04502,
        0.04502,
        0.04502,
        0.04502,
        0.04502,
        0.04502,
        0.04624,
        0.04624,
        0.04624,
        0.04624,
        0.04624,
        0.04624,
        0.046,
        0.046,
        0.046,
        0.046,
        0.046,
        0.046,
        0.04604,
        0.04604,
        0.04604,
        0.04604,
        0.04604,
        0.04604,
        0.0474,
        0.0474,
        0.0474,
        0.0474,
        0.0474,
        0.0474,
        0.04804,
        0.04804,
        0.04804,
        0.04804,
        0.04804,
        0.04804,
        0.04804,
        0.04804,
        0.04804,
        0.04804,
        0.04804,
        0.04804,
        0.04804,
        0.04804,
        0.04804,
        0.04804,
        0.04804,
        0.04804,
        0.05528,
        0.05528,
        0.05528,
        0.05528,
        0.05528,
        0.05528,
        0.06461,
        0.06461,
        0.06461,
        0.06461,
        0.06461,
        0.06461,
        0.06572,
        0.06572,
        0.06572,
        0.06572,
        0.06572,
        0.06572,
        0.06222,
        0.06222,
        0.06222,
        0.06222,
        0.06222,
        0.06222,
        0.06842,
        0.06842,
        0.06842,
        0.06842,
        0.06842,
        0.06842,
        0.06696,
        0.06696,
        0.06696,
        0.06696,
        0.06696,
        0.06696,
        0.06836,
        0.06836,
        0.06836,
        0.06836,
        0.06836,
        0.06836,
        0.06836,
        0.06836,
        0.06836,
        0.06836,
        0.06836,
        0.06836,
        0.06556,
        0.06556,
        0.06556,
        0.06556,
        0.06556,
        0.06556,
        0.06084,
        0.06084,
        0.06084,
        0.06084,
        0.06084,
        0.06084,
        0.0597,
        0.0597,
        0.0597,
        0.0597,
        0.0597,
        0.0597,
        0.0597,
        0.0597,
        0.0597,
        0.0597,
        0.0597,
        0.0597,
        0.06485,
        0.06485,
        0.06485,
        0.06485,
        0.06485,
        0.06485,
        0.06738,
        0.06738,
        0.06738,
        0.06738,
        0.06738,
        0.06738,
        0.06836,
        0.06836,
        0.06836,
        0.06836,
        0.06836,
        0.06836,
        0.06836,
        0.06836,
        0.06836,
        0.06836,
        0.06836,
        0.06836,
        0.06837,
        0.06837,
        0.06837,
        0.06837,
        0.06837,
        0.06837,
        0.20084,
        0.20084,
        0.20084,
        0.20084,
        0.20084,
        0.20084,
        0.1346,
        0.1346,
        0.1346,
        0.1346,
        0.1346,
        0.1346,
        0.06837,
        0.06837,
        0.06837,
        0.06837,
        0.06837,
        0.06837,
        0.06836,
        0.06836,
        0.06836,
        0.06836,
        0.06836,
        0.06836,
        0.06836,
        0.06836,
        0.06836,
        0.06836,
        0.06836,
        0.06836,
        0.06836,
        0.06836,
        0.06836,
        0.06836,
        0.06836,
        0.06836,
        0.05557,
        0.05557,
        0.05557,
        0.05557,
        0.05557,
        0.05557,
        0.04774,
        0.04774,
        0.04774,
        0.04774,
        0.04774,
        0.04774,
        0.0474,
        0.0474,
        0.0474,
        0.0474,
        0.0474,
        0.0474,
        0.04713,
        0.04713,
        0.04713,
        0.04713,
        0.04713,
        0.04713,
        0.03445,
        0.03445,
        0.03445,
        0.03445,
        0.03445,
        0.03445,
        0.036,
        0.036,
        0.036,
        0.036,
        0.036,
        0.036,
        0.036,
        0.036,
        0.036,
        0.036,
        0.036,
        0.036
    ]
}