{
    "time_resolution": 5,
    "resources": 3,
    "machines": [
        {
            "id": 0,
            "idle_consumption": 120,
            "power_up_cost": 0.1,
            "power_down_cost": 0.1,
            "resource_capacities": [
                2565,
                2465,
                2488
            ]
        },
        {
            "id": 1,
            "idle_consumption": 130,
            "power_up_cost": 0.0,
            "power_down_cost": 0.1,
            "resource_capacities": [
                2568,
                2408,
                2498
            ]
        }
    ],
    "tasks": [
        {
            "id": 0,
            "earliest_start_time": 5,
            "latest_end_time": 277,
            "duration": 171,
            "power_consumption": 56.17,
            "resource_usage": [
                91,
                267,
                317
            ]
        },
        {
            "id": 1,
            "earliest_start_time": 2,
            "latest_end_time": 222,
            "duration": 18,
            "power_consumption": 15.92,
            "resource_usage": [
                51,
                10,
                12
            ]
        },
        {
            "id": 2,
            "earliest_start_time": 6,
            "latest_end_time": 45,
            "duration": 3,
            "power_consumption": 523.57,
            "resource_usage": [
                1689,
                328,
                310
            ]
        },
        {
            "id": 3,
            "earliest_start_time": 25,
            "latest_end_time": 288,
            "duration": 189,
            "power_consumption": 251.73,
            "resource_usage": [
                374,
                1824,
                716
            ]
        },
        {
            "id": 4,
            "earliest_start_time": 29,
            "latest_end_time": 287,
            "duration": 177,
            "power_consumption": 196.97,
            "resource_usage": [
                639,
                113,
                107
            ]
        },
        {
            "id": 5,
            "earliest_start_time": 85,
            "latest_end_time": 288,
            "duration": 201,
            "power_consumption": 108.28,
            "resource_usage": [
                190,
                194,
                990
            ]
        },
        {
            "id": 6,
            "earliest_start_time": 2,
            "latest_end_time": 105,
            "duration": 18,
            "power_consumption": 510.26,
            "resource_usage": [
                1652,
                302,
                287
            ]
        },
        {
            "id": 7,
            "earliest_start_time": 1,
            "latest_end_time": 164,
            "duration": 10,
            "power_consumption": 675.48,
            "resource_usage": [
                1887,
                1636,
                625
            ]
        },
        {
            "id": 8,
            "earliest_start_time": 0,
            "latest_end_time": 32,
            "duration": 11,
            "power_consumption": 194.46,
            "resource_usage": [
                303,
                502,
                1815
            ]
        },
        {
            "id": 9,
            "earliest_start_time": 25,
            "latest_end_time": 98,
            "duration": 60,
            "power_consumption": 129.7,
            "resource_usage": [
                221,
                237,
                1225
            ]
        },
        {
            "id": 10,
            "earliest_start_time": 2,
            "latest_end_time": 160,
            "duration": 27,
            "power_consumption": 103.45,
            "resource_usage": [
                168,
                171,
                1062
            ]
        },
        {
            "id": 11,
            "earliest_start_time": 9,
            "latest_end_time": 286,
            "duration": 199,
            "power_consumption": 342.18,
            "resource_usage": [
                792,
                1548,
                385
            ]
        },
        {
            "id": 12,
            "earliest_start_time": 8,
            "latest_end_time": 240,
            "duration": 196,
            "power_consumption": 364.09,
            "resource_usage": [
                1190,
                171,
                193
            ]
        },
        {
            "id": 13,
            "earliest_start_time": 14,
            "latest_end_time": 273,
            "duration": 169,
            "power_consumption": 39.29,
            "resource_usage": [
                73,
                73,
                327
            ]
        },
        {
            "id": 14,
            "earliest_start_time": 67,
            "latest_end_time": 288,
            "duration": 36,
            "power_consumption": 37.9,
            "resource_usage": [
                67,
                68,
                343
            ]
        },
        {
            "id": 15,
            "earliest_start_time": 0,
            "latest_end_time": 72,
            "duration": 23,
            "power_consumption": 382.9,
            "resource_usage": [
                611,
                2004,
                1950
            ]
        },
        {
            "id": 16,
            "earliest_start_time": 20,
            "latest_end_time": 148,
            "duration": 52,
            "power_consumption": 195.6,
            "resource_usage": [
                633,
                115,
                113
            ]
        },
        {
            "id": 17,
            "earliest_start_time": 13,
            "latest_end_time": 110,
            "duration": 3,
            "power_consumption": 17.13,
            "resource_usage": [
                55,
                12,
                10
            ]
        },
        {
            "id": 18,
            "earliest_start_time": 25,
            "latest_end_time": 142,
            "duration": 63,
            "power_consumption": 232.61,
            "resource_usage": [
                364,
                1608,
                649
            ]
        },
        {
            "id": 19,
            "earliest_start_time": 4,
            "latest_end_time": 288,
            "duration": 185,
            "power_consumption": 323.81,
            "resource_usage": [
                1041,
                218,
                194
            ]
        },
        {
            "id": 20,
            "earliest_start_time": 4,
            "latest_end_time": 136,
            "duration": 57,
            "power_consumption": 353.66,
            "resource_usage": [
                1143,
                220,
                197
            ]
        },
        {
            "id": 21,
            "earliest_start_time": 44,
            "latest_end_time": 287,
            "duration": 185,
            "power_consumption": 134.72,
            "resource_usage": [
                233,
                235,
                1265
            ]
        },
        {
            "id": 22,
            "earliest_start_time": 1,
            "latest_end_time": 288,
            "duration": 71,
            "power_consumption": 319.16,
            "resource_usage": [
                1037,
                170,
                182
            ]
        },
        {
            "id": 23,
            "earliest_start_time": 139,
            "latest_end_time": 288,
            "duration": 73,
            "power_consumption": 362.93,
            "resource_usage": [
                854,
                1573,
                414
            ]
        },
        {
            "id": 24,
            "earliest_start_time": 11,
            "latest_end_time": 107,
            "duration": 25,
            "power_consumption": 88.6,
            "resource_usage": [
                137,
                357,
                642
            ]
        }
    ],
    "energy_prices": [
        0.0487,
        0.0487,
        0.0487,
        0.0487,
        0.0487,
        0.0487,
        0.04793,
        0.04793,
        0.04793,
        0.04793,
        0.04793,
        0.04793,
        0.04793,
        0.04793,
        0.04793,
        0.04793,
        0.04793,
        0.04793,
        0.04752,
        0.04752,
        0.04752,
        0.04752,
        0.04752,
        0.04752,
        0.04752,
        0.04752,
        0.04752,
        0.04752,
        0.04752,
        0.04752,
        0.044,
        0.044,
        0.044,
        0.044,
        0.044,
        0.044,
        0.04752,
        0.04752,
        0.04752,
        0.04752,
        0.04752,
        0.04752,
        0.04752,
        0.04752,
        0.04752,
        0.04752,
        0.04752,
        0.04752,
        0.04102,
        0.04102,
        0.04102,
        0.04102,
        0.04102,
        0.04102,
        0.041,
        0.041,
        0.041,
        0.041,
        0.041,
        0.041,
        0.03461,
        0.03461,
        0.03461,
        0.03461,
        0.03461,
        0.03461,
        0.03461,
        0.03461,
        0.03461,
        0.03461,
        0.03461,
        0.03461,
        0.03139,
        0.03139,
        0.03139,
        0.03139,
        0.03139,
        0.03139,
        0.04064,
        0.04064,
        0.04064,
        0.04064,
        0.04064,
        0.04064,
        0.04101,
        0.04101,
        0.04101,
        0.04101,
        0.04101,
        0.04101,
        0.04776,
        0.04776,
        0.04776,
        0.04776,
        0.04776,
        0.04776,
        0.04776,
        0.04776,
        0.04776,
        0.04776,
        0.04776,
        0.04776,
        0.04774,
        0.04774,
        0.04774,
        0.04774,
        0.04774,
        0.04774,
        0.03478,
        0.03478,
        0.03478,
        0.03478,
        0.03478,
        0.03478,
        0.04776,
        0.04776,
        0.04776,
        0.04776,
        0.04776,
        0.04776,
        0.04064,
        0.04064,
        0.04064,
        0.04064,
        0.04064,
        0.04064,
        0.04064,
        0.04064,
        0.04064,
        0.04064,
        0.04064,
        0.04064,
        0.04774,
        0.04774,
        0.04774,
        0.04774,
        0.04774,
        0.04774,
        0.04776,
        0.04776,
        0.04776,
        0.04776,
        0.04776,
        0.04776,
        0.04776,
        0.04776,
        0.04776,
        0.04776,
        0.04776,
        0.04776,
        0.04776,
        0.04776,
        0.04776,
        0.04776,
        0.04776,
        0.04776,
        0.04776,
        0.04776,
        0.04776,
        0.04776,
        0.04776,
        0.04776,
        0.04776,
        0.04776,
        0.04776,
        0.04776,
        0.04776,
        0.04776,
        0.04776,
        0.04776,
        0.04776,
        0.04776,
        0.04776,
        0.04776,
        0.04776,
        0.04776,
        0.04776,
        0.04776,
        0.04776,
        0.04776,
        0.04776,
        0.04776,
        0.04776,
        0.04776,
        0.04776,
        0.04776,
        0.0487,
        0.0487,
        0.0487,
        0.0487,
        0.0487,
        0.0487,
        0.0487,
        0.0487,
        0.0487,
        0.0487,
        0.0487,
        0.0487,
        0.0487,
        0.0487,
        0.0487,
        0.0487,
        0.0487,
        0.0487,
        0.04911,
        0.04911,
        0.04911,
        0.04911,
        0.04911,
        0.04911,
        0.27433,
        0.27433,
        0.27433,
        0.27433,
        0.27433,
        0.27433,
        0.27433,
        0.27433,
        0.27433,
        0.27433,
        0.27433,
        0.27433,
        0.05008,
        0.05008,
        0.05008,
        0.05008,
        0.05008,
        0.05008,
        0.04911,
        0.04911,
        0.04911,
        0.04911,
        0.04911,
        0.04911,
        0.0487,
        0.0487,
        0.0487,
        0.0487,
        0.0487,
        0.0487,
        0.0487,
        0.0487,
        0.0487,
        0.0487,
        0.0487,
        0.0487,
        0.0487,
        0.0487,
        0.0487,
        0.0487,
        0.0487,
        0.0487,
        0.0487,
        0.0487,
        0.0487,
        0.0487,
        0.0487,
        0.0487,
        0.0487,
        0.0487,
        0.0487,
        0.0487,
        0.0487,
        0.0487,
        0.04818,
        0.04818,
        0.04818,
        0.04818,
        0.04818,
        0.04818,
        0.04776,
        0.04776,
        0.04776,
        0.04776,
        0.04776,
        0.04776,
        0.0487,
        0.0487,
        0.0487,
        0.0487,
        0.0487,
        0.0487,
        0.0487,
        0.0487,
        0.0487,
        0.0487,
        0.0487,
        0.0487
    ]
}